altitude_m,velocity_m_s,gamma_rad,range_rad,range_km
5000.0,2000.0,0.3490658503988659,0.013310521866443515,84.80133481111163
5000.0,2000.0,0.4363323129985824,0.01646854669582473,104.92111099909934
5000.0,2000.0,0.5235987755982988,0.020249803231072575,129.01149638516335
5000.0,2000.0,0.6108652381980153,0.024165099906057842,153.9558515014945
5000.0,2000.0,0.6981317007977318,0.027741429499449303,176.7406473409915
5000.0,2000.0,0.7853981633974483,0.03019905023754321,192.3981490633878
5000.0,2000.0,0.8726646259971648,0.03144089144861558,200.30991941912987
5000.0,2000.0,0.9599310885968813,0.0312817258693894,199.29587551387985
5000.0,2000.0,1.0471975511965976,0.02965342316136904,188.92195896108217
5000.0,2000.0,1.1344640137963142,0.026906170834091272,171.41921438399547
5000.0,2000.0,1.2217304763960306,0.022954552678443298,146.24345511436223
5000.0,2000.0,1.3089969389957472,0.018089315781314865,115.24703084275701
5000.0,2000.0,1.3962634015954636,0.012501593899264076,79.64765473221144
5000.0,2000.0,1.4835298641951802,0.006375614541748535,40.619040245479916
5000.0,2100.0,0.3490658503988659,0.014054163228709816,89.53907393011025
5000.0,2100.0,0.4363323129985824,0.01766365842433523,112.53516782143974
5000.0,2100.0,0.5235987755982988,0.0220097678589553,140.22423102940422
5000.0,2100.0,0.6108652381980153,0.026501469838825707,168.8408643431586
5000.0,2100.0,0.6981317007977318,0.030402153035278514,193.69211698775942
5000.0,2100.0,0.7853981633974483,0.033169016826838676,211.3198062037892
5000.0,2100.0,0.8726646259971648,0.03443945033408488,219.41373807845477
5000.0,2100.0,0.9599310885968813,0.034187908339363915,217.8111640300875
5000.0,2100.0,1.0471975511965976,0.0326047369943357,207.72477939091274
5000.0,2100.0,1.1344640137963142,0.029531825114492566,188.14725780443212
5000.0,2100.0,1.2217304763960306,0.025163017044783655,160.3135815923167
5000.0,2100.0,1.3089969389957472,0.019880225393517137,126.65691598209767
5000.0,2100.0,1.3962634015954636,0.013679906262715728,87.1546827997619
5000.0,2100.0,1.4835298641951802,0.006998198090259438,44.585520033042876
5000.0,2200.0,0.3490658503988659,0.014927674742602919,95.10421578512319
5000.0,2200.0,0.4363323129985824,0.018910218644036563,120.47700298115694
5000.0,2200.0,0.5235987755982988,0.02373372874582645,151.2075858396603
5000.0,2200.0,0.6108652381980153,0.02881755299431522,183.59663012678226
5000.0,2200.0,0.6981317007977318,0.033184374724570594,211.41765137023924
5000.0,2200.0,0.7853981633974483,0.036266598393185565,231.05449836298524
5000.0,2200.0,0.8726646259971648,0.03771001457843195,240.25050287918995
5000.0,2200.0,0.9599310885968813,0.037354219411250715,237.9837318690783
5000.0,2200.0,1.0471975511965976,0.03555416122985977,226.5155611954366
5000.0,2200.0,1.1344640137963142,0.03226792399284148,205.57894375839305
5000.0,2200.0,1.2217304763960306,0.02755788033935156,175.5712556420088
5000.0,2200.0,1.3089969389957472,0.021674778008266855,138.09001069066812
5000.0,2200.0,1.3962634015954636,0.014956531073941313,95.2880594720801
5000.0,2200.0,1.4835298641951802,0.0076464337770771815,48.71542959375872
5000.0,2300.0000000000005,0.3490658503988659,0.015710722151004906,100.09301082405226
5000.0,2300.0000000000005,0.4363323129985824,0.02021007752359886,128.75840390284833
5000.0,2300.0000000000005,0.5235987755982988,0.025678476412738252,163.5975732255554
5000.0,2300.0000000000005,0.6108652381980153,0.03124044125210474,199.0328512171593
5000.0,2300.0000000000005,0.6981317007977318,0.036083673609400166,229.88908456548845
5000.0,2300.0000000000005,0.7853981633974483,0.03933182617298814,250.58306454810742
5000.0,2300.0000000000005,0.8726646259971648,0.04096319805947376,260.9765348369073
5000.0,2300.0000000000005,0.9599310885968813,0.0406473937939095,258.9645458609974
5000.0,2300.0000000000005,1.0471975511965976,0.03875174692335962,246.88737964872413
5000.0,2300.0000000000005,1.1344640137963142,0.03499590026030321,222.95888055839177
5000.0,2300.0000000000005,1.2217304763960306,0.029952870636653573,190.82973882611992
5000.0,2300.0000000000005,1.3089969389957472,0.02361267937051044,150.43638026952203
5000.0,2300.0000000000005,1.3962634015954636,0.0162827032419179,103.73710235425895
5000.0,2300.0000000000005,1.4835298641951802,0.008294417435644961,52.843733482494045
5000.0,2400.0000000000005,0.3490658503988659,0.016512558024351826,105.20150717314549
5000.0,2400.0000000000005,0.4363323129985824,0.02156492565676031,137.39014135921994
5000.0,2400.0000000000005,0.5235987755982988,0.02757680112796316,175.6917999862533
5000.0,2400.0000000000005,0.6108652381980153,0.03392432785176285,216.13189274358112
5000.0,2400.0000000000005,0.6981317007977318,0.03909610135812502,249.0812617526145
5000.0,2400.0000000000005,0.7853981633974483,0.042675095142589284,271.8830311534363
5000.0,2400.0000000000005,0.8726646259971648,0.04433456371196395,282.4555054089223
5000.0,2400.0000000000005,0.9599310885968813,0.04406585168720995,280.74354109921455
5000.0,2400.0000000000005,1.0471975511965976,0.04193622178972109,267.17566902231306
5000.0,2400.0000000000005,1.1344640137963142,0.03794523862997359,241.74911531156175
5000.0,2400.0000000000005,1.2217304763960306,0.03243535352661593,206.6456373180701
5000.0,2400.0000000000005,1.3089969389957472,0.025546340207527413,162.75573346215714
5000.0,2400.0000000000005,1.3962634015954636,0.017657474234881905,112.49576835043261
5000.0,2400.0000000000005,1.4835298641951802,0.008992248229799544,57.28961347205289
5000.0,2500.0000000000005,0.3490658503988659,0.017451946032000093,111.1863481698726
5000.0,2500.0000000000005,0.4363323129985824,0.022976265770401353,146.381789223227
5000.0,2500.0000000000005,0.5235987755982988,0.029707453604910092,189.2661869168822
5000.0,2500.0000000000005,0.6108652381980153,0.036559766365592855,232.92227151519208
5000.0,2500.0000000000005,0.6981317007977318,0.04221826369687297,268.9725580127777
5000.0,2500.0000000000005,0.7853981633974483,0.04613982716419373,293.95683886307825
5000.0,2500.0000000000005,0.8726646259971648,0.047994783251940315,305.77476409811175
5000.0,2500.0000000000005,0.9599310885968813,0.04760786134071921,303.3096846017221
5000.0,2500.0000000000005,1.0471975511965976,0.045374224800155724,289.0791862017921
5000.0,2500.0000000000005,1.1344640137963142,0.04099962782091694,261.20862884706185
5000.0,2500.0000000000005,1.2217304763960306,0.035002862843781554,223.0032391777323
5000.0,2500.0000000000005,1.3089969389957472,0.027626265233957763,176.00693580554488
5000.0,2500.0000000000005,1.3962634015954636,0.019026231472250705,121.21612070970924
5000.0,2500.0000000000005,1.4835298641951802,0.00971421173928039,61.88924299095537
5000.0,2600.0000000000005,0.3490658503988659,0.018297801374014586,116.57529255384692
5000.0,2600.0000000000005,0.4363323129985824,0.024445385066000677,155.7415482554903
5000.0,2600.0000000000005,0.5235987755982988,0.03193006810730288,203.42646391162666
5000.0,2600.0000000000005,0.6108652381980153,0.039457105643296984,251.38122005344508
5000.0,2600.0000000000005,0.6981317007977318,0.04562268234285078,290.6621092063023
5000.0,2600.0000000000005,0.7853981633974483,0.04972473756376232,316.7963030187297
5000.0,2600.0000000000005,0.8726646259971648,0.05161053283912347,328.81070471805566
5000.0,2600.0000000000005,0.9599310885968813,0.051271496350867016,326.6507032513738
5000.0,2600.0000000000005,1.0471975511965976,0.04878503147572278,310.8094355318298
5000.0,2600.0000000000005,1.1344640137963142,0.04415709250145614,281.3248363267771
5000.0,2600.0000000000005,1.2217304763960306,0.03776560319156298,240.60465793344778
5000.0,2600.0000000000005,1.3089969389957472,0.029691840600640406,189.16671646668001
5000.0,2600.0000000000005,1.3962634015954636,0.02049539237738384,130.57614483631244
5000.0,2600.0000000000005,1.4835298641951802,0.010459771589327111,66.63920479560304
5000.0,2700.0000000000005,0.3490658503988659,0.019164586580908034,122.09758110696508
5000.0,2700.0000000000005,0.4363323129985824,0.025836896069150298,164.60686485655654
5000.0,2700.0000000000005,0.5235987755982988,0.03408913776857798,217.1818967236103
5000.0,2700.0000000000005,0.6108652381980153,0.042290015373595856,269.4296879451792
5000.0,2700.0000000000005,0.6981317007977318,0.048965962329134784,311.9621459989177
5000.0,2700.0000000000005,0.7853981633974483,0.053428677833363386,340.39410647635816
5000.0,2700.0000000000005,0.8726646259971648,0.055523295919224086,353.73891830137666
5000.0,2700.0000000000005,0.9599310885968813,0.055225596585524776,351.84227584637836
5000.0,2700.0000000000005,1.0471975511965976,0.05245690454223008,334.2029388385479
5000.0,2700.0000000000005,1.1344640137963142,0.04741551635509019,302.0842546982796
5000.0,2700.0000000000005,1.2217304763960306,0.04050556224479662,258.0609370615993
5000.0,2700.0000000000005,1.3089969389957472,0.03190835923924987,203.2881567132609
5000.0,2700.0000000000005,1.3962634015954636,0.022010178184010208,140.22684521032906
5000.0,2700.0000000000005,1.4835298641951802,0.011228369638274855,71.5359429654491
5000.0,2800.000000000001,0.3490658503988659,0.020052900814555175,127.75703108953103
5000.0,2800.000000000001,0.4363323129985824,0.027421710631486906,174.70371843320308
5000.0,2800.000000000001,0.5235987755982988,0.0364896866716276,232.47579378493944
5000.0,2800.000000000001,0.6108652381980153,0.04538704968775453,289.1608935606841
5000.0,2800.000000000001,0.6981317007977318,0.05241252154853344,333.9201747857065
5000.0,2800.000000000001,0.7853981633974483,0.057250520242887716,364.74306446743765
5000.0,2800.000000000001,0.8726646259971648,0.059375775446521395,378.2830653697878
5000.0,2800.000000000001,0.9599310885968813,0.0591349992324889,376.74908011018675
5000.0,2800.000000000001,1.0471975511965976,0.05608309202098965,357.30537926572504
5000.0,2800.000000000001,1.1344640137963142,0.05077261147322202,323.4723076958975
5000.0,2800.000000000001,1.2217304763960306,0.043439904201459524,276.7556296674986
5000.0,2800.000000000001,1.3089969389957472,0.03419004364648709,217.82476807176926
5000.0,2800.000000000001,1.3962634015954636,0.023569555502335072,150.16163810537674
5000.0,2800.000000000001,1.4835298641951802,0.012019418302877569,76.575714007633
5000.0,2900.000000000001,0.3490658503988659,0.02109055545353352,134.36792879446205
5000.0,2900.000000000001,0.4363323129985824,0.029066581415323183,185.183190197024
5000.0,2900.000000000001,0.5235987755982988,0.03897594791624481,248.3157641743957
5000.0,2900.000000000001,0.6108652381980153,0.04840413236162395,308.3827272759062
5000.0,2900.000000000001,0.6981317007977318,0.05596045487706843,356.524058021803
5000.0,2900.000000000001,0.7853981633974483,0.061189080333393805,389.83563080405196
5000.0,2900.000000000001,0.8726646259971648,0.06353581061220483,404.7866494103569
5000.0,2900.000000000001,0.9599310885968813,0.06316028081276247,402.3941490581097
5000.0,2900.000000000001,1.0471975511965976,0.059981296072868166,382.1408372802431
5000.0,2900.000000000001,1.1344640137963142,0.05437077914533123,346.39623393490524
5000.0,2900.000000000001,1.2217304763960306,0.046344412798309025,295.2602539380268
5000.0,2900.000000000001,1.3089969389957472,0.0364439043812584,232.18411481299725
5000.0,2900.000000000001,1.3962634015954636,0.02517245688335131,160.3737228038312
5000.0,2900.000000000001,1.4835298641951802,0.012832291423507572,81.75452865916674
105000.0,2000.0,0.3490658503988659,0.07210250420775167,459.3650543075859
105000.0,2000.0,0.4363323129985824,0.07677779748333,489.15134776629543
105000.0,2000.0,0.5235987755982988,0.08020373875454041,510.978019605177
105000.0,2000.0,0.6108652381980153,0.08218605717089224,523.6073702357545
105000.0,2000.0,0.6981317007977318,0.08235522778901336,524.6851562438042
105000.0,2000.0,0.7853981633974483,0.08089281353855499,515.3681150541338
105000.0,2000.0,0.8726646259971648,0.07756349743382435,494.15704215089494
105000.0,2000.0,0.9599310885968813,0.0724378428093096,461.50149653811144
105000.0,2000.0,1.0471975511965976,0.06563111260208525,418.13581838788514
105000.0,2000.0,1.1344640137963142,0.057162027420178826,364.1792766939593
105000.0,2000.0,1.2217304763960306,0.047516242991670385,302.725984099932
105000.0,2000.0,1.3089969389957472,0.03665651244620973,233.5386407948022
105000.0,2000.0,1.3962634015954636,0.024895757653172115,158.61087200835956
105000.0,2000.0,1.4835298641951802,0.012591391861764818,80.21975755130366
105000.0,2100.0,0.3490658503988659,0.07786969134063056,496.1078035311573
105000.0,2100.0,0.4363323129985824,0.0832419063697398,530.3341854816122
105000.0,2100.0,0.5235987755982988,0.0869727955644317,554.1036805409944
105000.0,2100.0,0.6108652381980153,0.08935077922460383,569.2538144399509
105000.0,2100.0,0.6981317007977318,0.08972475150874147,571.636391862192
105000.0,2100.0,0.7853981633974483,0.08828038740827618,562.4343481781275
105000.0,2100.0,0.8726646259971648,0.08456056761221278,538.7353762574076
105000.0,2100.0,0.9599310885968813,0.07909217510976214,503.8962476242946
105000.0,2100.0,1.0471975511965976,0.07159163402972127,456.11030040335424
105000.0,2100.0,1.1344640137963142,0.062449612346849016,397.8664802617751
105000.0,2100.0,1.2217304763960306,0.051872021209087786,330.47664712309825
105000.0,2100.0,1.3089969389957472,0.0399925739591896,254.79268869399692
105000.0,2100.0,1.3962634015954636,0.027211722839280906,173.36588620905866
105000.0,2100.0,1.4835298641951802,0.013759041191161472,87.65885142888975
105000.0,2200.0,0.3490658503988659,0.08362560894357787,532.7787545795346
105000.0,2200.0,0.4363323129985824,0.08974244787009336,571.7491353803648
105000.0,2200.0,0.5235987755982988,0.09431553946342429,600.8843019214761
105000.0,2200.0,0.6108652381980153,0.09709424318043758,618.5874233025678
105000.0,2200.0,0.6981317007977318,0.09767731409134105,622.3021680759338
105000.0,2200.0,0.7853981633974483,0.0960044349529045,611.6442550849546
105000.0,2200.0,0.8726646259971648,0.09209372935805675,586.7291497401795
105000.0,2200.0,0.9599310885968813,0.08603754210335698,548.1451807404873
105000.0,2200.0,1.0471975511965976,0.07798369886690444,496.8341454810482
105000.0,2200.0,1.1344640137963142,0.06811367169838911,433.95220239043704
105000.0,2200.0,1.2217304763960306,0.05652883238699551,360.1451911375484
105000.0,2200.0,1.3089969389957472,0.0435577692592624,277.50654795076076
105000.0,2200.0,1.3962634015954636,0.02962282650060763,188.7270276353712
105000.0,2200.0,1.4835298641951802,0.015006665714591878,95.60746726766484
105000.0,2300.0000000000005,0.3490658503988659,0.08987990371077641,572.6248665413566
105000.0,2300.0000000000005,0.4363323129985824,0.09678539430963273,616.6197471466701
105000.0,2300.0000000000005,0.5235987755982988,0.10197961014062303,649.7120962059092
105000.0,2300.0000000000005,0.6108652381980153,0.1049344670160812,668.5374893594533
105000.0,2300.0000000000005,0.6981317007977318,0.10573905147702899,673.6634969601517
105000.0,2300.0000000000005,0.7853981633974483,0.10406872437424167,663.0218429882937
105000.0,2300.0000000000005,0.8726646259971648,0.09995054564975786,636.7849263346073
105000.0,2300.0000000000005,0.9599310885968813,0.0934824307910404,595.5765665697185
105000.0,2300.0000000000005,1.0471975511965976,0.08464043983439831,539.2442421849516
105000.0,2300.0000000000005,1.1344640137963142,0.07385797225111196,470.5491412118343
105000.0,2300.0000000000005,1.2217304763960306,0.06137412331877914,391.0145396639419
105000.0,2300.0000000000005,1.3089969389957472,0.04726233533710034,301.10833843266624
105000.0,2300.0000000000005,1.3962634015954636,0.03219386432495783,205.1071096143063
105000.0,2300.0000000000005,1.4835298641951802,0.016270823502993616,103.66141653757232
105000.0,2400.0000000000005,0.3490658503988659,0.09639148855665386,614.1101735944417
105000.0,2400.0000000000005,0.4363323129985824,0.10413269829794426,663.4294208562029
105000.0,2400.0000000000005,0.5235987755982988,0.1097126808974965,698.9794899979502
105000.0,2400.0000000000005,0.6108652381980153,0.11338128152764484,722.3521446126254
105000.0,2400.0000000000005,0.6981317007977318,0.11440223463121119,728.8566368354465
105000.0,2400.0000000000005,0.7853981633974483,0.11246996133112447,716.5461236405939
105000.0,2400.0000000000005,0.8726646259971648,0.10813471093346937,688.9262433571333
105000.0,2400.0000000000005,0.9599310885968813,0.10122918671406785,644.9311485553263
105000.0,2400.0000000000005,1.0471975511965976,0.0915574671685426,583.312623330785
105000.0,2400.0000000000005,1.1344640137963142,0.07998408835571812,509.5786269142801
105000.0,2400.0000000000005,1.2217304763960306,0.06640751693699276,423.08229040558086
105000.0,2400.0000000000005,1.3089969389957472,0.0512111566087921,326.26627875461446
105000.0,2400.0000000000005,1.3962634015954636,0.03479434521359446,221.6747733558103
105000.0,2400.0000000000005,1.4835298641951802,0.017615345229152462,112.22736445493032
105000.0,2500.0000000000005,0.3490658503988659,0.10317281133095119,657.31398098949
105000.0,2500.0000000000005,0.4363323129985824,0.11179773266408348,712.2633548028759
105000.0,2500.0000000000005,0.5235987755982988,0.1180587858021206,752.1525243453104
105000.0,2500.0000000000005,0.6108652381980153,0.12219249896118455,778.4884108817067
105000.0,2500.0000000000005,0.6981317007977318,0.12316716925407795,784.6980353177306
105000.0,2500.0000000000005,0.7853981633974483,0.1214835698008216,773.9718232010345
105000.0,2500.0000000000005,0.8726646259971648,0.11664204176144481,743.126448062165
105000.0,2500.0000000000005,0.9599310885968813,0.10906288331642354,694.8396296089344
105000.0,2500.0000000000005,1.0471975511965976,0.09894302900126219,630.3660377670413
105000.0,2500.0000000000005,1.1344640137963142,0.0863394064506791,550.0683584972766
105000.0,2500.0000000000005,1.2217304763960306,0.07162311384955625,456.3108583355229
105000.0,2500.0000000000005,1.3089969389957472,0.05529913628078512,352.31079724488205
105000.0,2500.0000000000005,1.3962634015954636,0.03755644487913719,239.27211032498303
105000.0,2500.0000000000005,1.4835298641951802,0.019007259339510696,121.09524925202264
105000.0,2600.0000000000005,0.3490658503988659,0.11023520850063728,702.3085133575602
105000.0,2600.0000000000005,0.4363323129985824,0.11979155602627438,763.1920034433941
105000.0,2600.0000000000005,0.5235987755982988,0.12704894695862096,809.4288410733742
105000.0,2600.0000000000005,0.6108652381980153,0.13137731668446892,837.0048845967515
105000.0,2600.0000000000005,0.6981317007977318,0.13256667378325393,844.5822786731107
105000.0,2600.0000000000005,0.7853981633974483,0.13085607890063777,833.6840786759632
105000.0,2600.0000000000005,0.8726646259971648,0.12573969848599847,801.0876190542963
105000.0,2600.0000000000005,0.9599310885968813,0.11764885054515337,749.5408268231721
105000.0,2600.0000000000005,1.0471975511965976,0.10659578727360265,679.1217607201224
105000.0,2600.0000000000005,1.1344640137963142,0.09292031809482128,591.9953465821063
105000.0,2600.0000000000005,1.2217304763960306,0.07715964212774387,491.5840799958562
105000.0,2600.0000000000005,1.3089969389957472,0.05942007707378248,378.56531103706817
105000.0,2600.0000000000005,1.3962634015954636,0.04041056171521567,257.455688687639
105000.0,2600.0000000000005,1.4835298641951802,0.02044526706098458,130.25679644553279
105000.0,2700.0000000000005,0.3490658503988659,0.11758825904674972,749.1547983868425
105000.0,2700.0000000000005,0.4363323129985824,0.1281217321642967,816.2635556187344
105000.0,2700.0000000000005,0.5235987755982988,0.13613012682809886,867.2850380218179
105000.0,2700.0000000000005,0.6108652381980153,0.14093775836422504,897.9144585384777
105000.0,2700.0000000000005,0.6981317007977318,0.14263708512002435,908.7408692996751
105000.0,2700.0000000000005,0.7853981633974483,0.1405947790449124,895.729337295137
105000.0,2700.0000000000005,0.8726646259971648,0.13517612111888863,861.2070676484394
105000.0,2700.0000000000005,0.9599310885968813,0.12631050593584725,804.7242333172828
105000.0,2700.0000000000005,1.0471975511965976,0.1145199307777604,729.6064789851116
105000.0,2700.0000000000005,1.1344640137963142,0.09990419586327741,636.4896318449404
105000.0,2700.0000000000005,1.2217304763960306,0.08288146430075702,528.037809060123
105000.0,2700.0000000000005,1.3089969389957472,0.06390042038347798,407.10957826313825
105000.0,2700.0000000000005,1.3962634015954636,0.04343307103645674,276.71209557326586
105000.0,2700.0000000000005,1.4835298641951802,0.021967218231646924,139.95314735382254
105000.0,2800.000000000001,0.3490658503988659,0.12553237129905379,799.7667375462717
105000.0,2800.000000000001,0.4363323129985824,0.13709565340852156,873.4364078656909
105000.0,2800.000000000001,0.5235987755982988,0.14588068952389543,929.4058729567378
105000.0,2800.000000000001,0.6108652381980153,0.15119135198862407,963.2401035195239
105000.0,2800.000000000001,0.6981317007977318,0.1528070315271237,973.533597859305
105000.0,2800.000000000001,0.7853981633974483,0.15069619273784202,960.0854439327915
105000.0,2800.000000000001,0.8726646259971648,0.14495728516021042,923.5228637557005
105000.0,2800.000000000001,0.9599310885968813,0.13551746203331136,863.3817506142267
105000.0,2800.000000000001,1.0471975511965976,0.12270976232479784,781.783895771287
105000.0,2800.000000000001,1.1344640137963142,0.10711591207908366,682.435475855842
105000.0,2800.000000000001,1.2217304763960306,0.0887878059871224,565.6671119439568
105000.0,2800.000000000001,1.3089969389957472,0.06840460529156947,435.8057403125891
105000.0,2800.000000000001,1.3962634015954636,0.04646857986080547,296.0513222931917
105000.0,2800.000000000001,1.4835298641951802,0.02353488497406863,149.94075216979124
105000.0,2900.000000000001,0.3490658503988659,0.13351649834028645,850.6336109259651
105000.0,2900.000000000001,0.4363323129985824,0.14614328325138953,931.0788575946027
105000.0,2900.000000000001,0.5235987755982988,0.15572978497134948,992.1544600524676
105000.0,2900.000000000001,0.6108652381980153,0.16185144756426043,1031.1555724319032
105000.0,2900.000000000001,0.6981317007977318,0.16367092020840796,1042.747432647767
105000.0,2900.000000000001,0.7853981633974483,0.16146899006749083,1028.718935719984
105000.0,2900.000000000001,0.8726646259971648,0.15507620575058353,987.9905068369677
105000.0,2900.000000000001,0.9599310885968813,0.14503485603414662,924.0170677935481
105000.0,2900.000000000001,1.0471975511965976,0.13138757694532144,837.0702527186429
105000.0,2900.000000000001,1.1344640137963142,0.11455951984946847,729.8587009609636
105000.0,2900.000000000001,1.2217304763960306,0.09486826959233297,604.4057455727534
105000.0,2900.000000000001,1.3089969389957472,0.07315944260341531,466.09880882635895
105000.0,2900.000000000001,1.3962634015954636,0.0496728482666582,316.4657163068794
105000.0,2900.000000000001,1.4835298641951802,0.02514866676752512,160.22215597590255
205000.0,2000.0,0.3490658503988659,0.08955672219680846,570.5658771158668
205000.0,2000.0,0.4363323129985824,0.09322106842945313,593.9114269640459
205000.0,2000.0,0.5235987755982988,0.09528757252632598,607.0771245652229
205000.0,2000.0,0.6108652381980153,0.09612084887143342,612.3859281599024
205000.0,2000.0,0.6981317007977318,0.09509912470837946,605.8765235170856
205000.0,2000.0,0.7853981633974483,0.09220203149564561,587.4191426587582
205000.0,2000.0,0.8726646259971648,0.08744684612387284,557.1238566551939
205000.0,2000.0,0.9599310885968813,0.08110977669374245,516.7503873158331
205000.0,2000.0,1.0471975511965976,0.0729156330693616,464.5454982849027
205000.0,2000.0,1.1344640137963142,0.0633804502654532,403.79684864120236
205000.0,2000.0,1.2217304763960306,0.052386435382302046,333.75397982064635
205000.0,2000.0,1.3089969389957472,0.04031153352346416,256.82478007799017
205000.0,2000.0,1.3962634015954636,0.027333187743208545,174.13973911198164
205000.0,2000.0,1.4835298641951802,0.013810576570149894,87.98718332842498
205000.0,2100.0,0.3490658503988659,0.09617723599303805,612.7451705116455
205000.0,2100.0,0.4363323129985824,0.10018424486794925,638.2738240537046
205000.0,2100.0,0.5235987755982988,0.10298426326491046,656.1127412607445
205000.0,2100.0,0.6108652381980153,0.10387513002067818,661.7884533617407
205000.0,2100.0,0.6981317007977318,0.10274534704623238,654.5906060315465
205000.0,2100.0,0.7853981633974483,0.09980591498040885,635.8634843401848
205000.0,2100.0,0.8726646259971648,0.09504156695173849,605.5098230495258
205000.0,2100.0,0.9599310885968813,0.08809196788709553,561.2339274086855
205000.0,2100.0,1.0471975511965976,0.07931867163963792,505.33925701613316
205000.0,2100.0,1.1344640137963142,0.06889586011139043,438.9355247696684
205000.0,2100.0,1.2217304763960306,0.05691576315525363,362.6103270621209
205000.0,2100.0,1.3089969389957472,0.04377732231779422,278.905320486667
205000.0,2100.0,1.3962634015954636,0.02973582955411977,189.44697008929705
205000.0,2100.0,1.4835298641951802,0.015021626001803737,95.70277925749161
205000.0,2200.0,0.3490658503988659,0.10274918247941162,654.6150415763314
205000.0,2200.0,0.4363323129985824,0.10768255301984854,686.045545289455
205000.0,2200.0,0.5235987755982988,0.11072399329688229,705.4225612944371
205000.0,2200.0,0.6108652381980153,0.11194488497549379,713.2008621788709
205000.0,2200.0,0.6981317007977318,0.11095064164106862,706.8665378952481
205000.0,2200.0,0.7853981633974483,0.10796417296385911,687.8397459527464
205000.0,2200.0,0.8726646259971648,0.10273558072906445,654.5283848248697
205000.0,2200.0,0.9599310885968813,0.09535911308715096,607.5329094782388
205000.0,2200.0,1.0471975511965976,0.08597505579811503,547.7470804897908
205000.0,2200.0,1.1344640137963142,0.07463239007175669,475.48295714716187
205000.0,2200.0,1.2217304763960306,0.0617431887561493,393.36585556542724
205000.0,2200.0,1.3089969389957472,0.04746960535143454,302.4288556939894
205000.0,2200.0,1.3962634015954636,0.03223110255925725,205.34435440502793
205000.0,2200.0,1.4835298641951802,0.016278470970540724,103.71013855331496
205000.0,2300.0000000000005,0.3490658503988659,0.10983995684233139,699.7903650424932
205000.0,2300.0000000000005,0.4363323129985824,0.1151842956405661,733.8391475260466
205000.0,2300.0000000000005,0.5235987755982988,0.11875260476064987,756.5728449301004
205000.0,2300.0000000000005,0.6108652381980153,0.1203288380151549,766.6150269945518
205000.0,2300.0000000000005,0.6981317007977318,0.11975419344006413,762.9539664066486
205000.0,2300.0000000000005,0.7853981633974483,0.1164462936331375,741.879336736719
205000.0,2300.0000000000005,0.8726646259971648,0.11095664312078889,706.904773322546
205000.0,2300.0000000000005,0.9599310885968813,0.10290554117865552,655.6112028492144
205000.0,2300.0000000000005,1.0471975511965976,0.09270969952586232,590.6534956792689
205000.0,2300.0000000000005,1.1344640137963142,0.08058344738225119,513.3971432723224
205000.0,2300.0000000000005,1.2217304763960306,0.06662313429767865,424.45598861051064
205000.0,2300.0000000000005,1.3089969389957472,0.051297816352510656,326.81838798184543
205000.0,2300.0000000000005,1.3962634015954636,0.0348165238612324,221.8160735199116
205000.0,2300.0000000000005,1.4835298641951802,0.017615177587058696,112.22629640715095
205000.0,2400.0000000000005,0.3490658503988659,0.11717777153954134,746.5395824784179
205000.0,2400.0000000000005,0.4363323129985824,0.1232584668510875,785.2796923082785
205000.0,2400.0000000000005,0.5235987755982988,0.1273924179433693,811.6170947172059
205000.0,2400.0000000000005,0.6108652381980153,0.12933195032054565,823.9738554921963
205000.0,2400.0000000000005,0.6981317007977318,0.12863434334995175,819.5294014825427
205000.0,2400.0000000000005,0.7853981633974483,0.12551456281116885,799.6532796699568
205000.0,2400.0000000000005,0.8726646259971648,0.1194958200925873,761.3078698098738
205000.0,2400.0000000000005,0.9599310885968813,0.11095584804698579,706.8997079073464
205000.0,2400.0000000000005,1.0471975511965976,0.10007317124472864,637.5661740001661
205000.0,2400.0000000000005,1.1344640137963142,0.08691345371946944,553.7256136467398
205000.0,2400.0000000000005,1.2217304763960306,0.07194509356194007,458.3621910831202
205000.0,2400.0000000000005,1.3089969389957472,0.05536164859817874,352.70906321899673
205000.0,2400.0000000000005,1.3962634015954636,0.037562354625595845,239.3097613196711
205000.0,2400.0000000000005,1.4835298641951802,0.01899772797912599,121.03452495501169
205000.0,2500.0000000000005,0.3490658503988659,0.12477572399370752,794.9461375639107
205000.0,2500.0000000000005,0.4363323129985824,0.13163429826982706,838.6421142770682
205000.0,2500.0000000000005,0.5235987755982988,0.1363618704709878,868.7614767706633
205000.0,2500.0000000000005,0.6108652381980153,0.1386819444707784,883.5426682233291
205000.0,2500.0000000000005,0.6981317007977318,0.13813547027642453,880.0610811311007
205000.0,2500.0000000000005,0.7853981633974483,0.13467516096590249,858.0154505137648
205000.0,2500.0000000000005,0.8726646259971648,0.12835318159538775,817.7381199442154
205000.0,2500.0000000000005,0.9599310885968813,0.11929979828651972,760.0590148834171
205000.0,2500.0000000000005,1.0471975511965976,0.1075059019986187,684.9201016331997
205000.0,2500.0000000000005,1.1344640137963142,0.09346559258678941,595.4692903704354
205000.0,2500.0000000000005,1.2217304763960306,0.07731793820875822,492.5925843279986
205000.0,2500.0000000000005,1.3089969389957472,0.05946250399593416,378.83561295809653
205000.0,2500.0000000000005,1.3962634015954636,0.04039945381503873,257.38492025561175
205000.0,2500.0000000000005,1.4835298641951802,0.020427224314802265,130.14184610960524
205000.0,2600.0000000000005,0.3490658503988659,0.13264486860615676,845.0804578898247
205000.0,2600.0000000000005,0.4363323129985824,0.14032339091105636,894.00032349434
205000.0,2600.0000000000005,0.5235987755982988,0.14567258766326083,928.0800560026347
205000.0,2600.0000000000005,0.6108652381980153,0.14839205324046087,945.4057711949762
205000.0,2600.0000000000005,0.6981317007977318,0.14799659551525451,942.8863100276865
205000.0,2600.0000000000005,0.7853981633974483,0.14444155094968997,920.2371211004747
205000.0,2600.0000000000005,0.8726646259971648,0.13778283192774798,877.8144222116824
205000.0,2600.0000000000005,0.9599310885968813,0.12793958069869213,815.1030686313675
205000.0,2600.0000000000005,1.0471975511965976,0.11539474518067266,735.1799215460655
205000.0,2600.0000000000005,1.1344640137963142,0.1002381633815538,638.6173389038792
205000.0,2600.0000000000005,1.2217304763960306,0.08300148143716439,528.8024382361743
205000.0,2600.0000000000005,1.3089969389957472,0.06380129745541673,406.47806608845997
205000.0,2600.0000000000005,1.3962634015954636,0.043327885964587545,276.0419614803873
205000.0,2600.0000000000005,1.4835298641951802,0.021902759763372418,139.54248245244565
205000.0,2700.0000000000005,0.3490658503988659,0.14079322354607182,896.9936272120236
205000.0,2700.0000000000005,0.4363323129985824,0.1493319122507257,951.3936129493734
205000.0,2700.0000000000005,0.5235987755982988,0.1556478702667045,991.6325814691745
205000.0,2700.0000000000005,0.6108652381980153,0.15846598974516007,1009.5868206664148
205000.0,2700.0000000000005,0.6981317007977318,0.1582237979709669,1008.04381687303
205000.0,2700.0000000000005,0.7853981633974483,0.15456340540772212,984.7234558525976
205000.0,2700.0000000000005,0.8726646259971648,0.14754505025686485,940.0095151864859
205000.0,2700.0000000000005,0.9599310885968813,0.13710595446986426,873.5020359275052
205000.0,2700.0000000000005,1.0471975511965976,0.12354625435548965,787.1131864988245
205000.0,2700.0000000000005,1.1344640137963142,0.10740574282857823,684.2819875608719
205000.0,2700.0000000000005,1.2217304763960306,0.0887200581284912,565.2354903366174
205000.0,2700.0000000000005,1.3089969389957472,0.06827103432276276,434.95475967032155
205000.0,2700.0000000000005,1.3962634015954636,0.04634231573698583,295.24689356033673
205000.0,2700.0000000000005,1.4835298641951802,0.02342040163981514,149.21137884726224
205000.0,2800.000000000001,0.3490658503988659,0.14955578363574454,952.8198975433285
205000.0,2800.000000000001,0.4363323129985824,0.15901255211610887,1013.0689695317296
205000.0,2800.000000000001,0.5235987755982988,0.165690157357497,1055.6119925246135
205000.0,2800.000000000001,0.6108652381980153,0.16923412455588477,1078.1906075455418
205000.0,2800.000000000001,0.6981317007977318,0.16912542995775984,1077.4981142608879
205000.0,2800.000000000001,0.7853981633974483,0.16503886571408422,1051.4626134644304
205000.0,2800.000000000001,0.8726646259971648,0.15765056871062727,1004.3917732554063
205000.0,2800.000000000001,0.9599310885968813,0.1463410632807754,932.3389141618201
205000.0,2800.000000000001,1.0471975511965976,0.13195410680702988,840.6796144675873
205000.0,2800.000000000001,1.1344640137963142,0.11461040676263903,730.1829014847733
205000.0,2800.000000000001,1.2217304763960306,0.09491650495244454,604.7130530520241
205000.0,2800.000000000001,1.3089969389957472,0.07299359077714129,465.0421668411672
205000.0,2800.000000000001,1.3962634015954636,0.04952503727657708,315.52401248907256
205000.0,2800.000000000001,1.4835298641951802,0.025021645135688945,159.41290115947427
205000.0,2900.000000000001,0.3490658503988659,0.15831371238334463,1008.6166615942886
205000.0,2900.000000000001,0.4363323129985824,0.1690459013914074,1076.9914377646564
205000.0,2900.000000000001,0.5235987755982988,0.17643096029123223,1124.0416480154404
205000.0,2900.000000000001,0.6108652381980153,0.18039604883041566,1149.3032270985782
205000.0,2900.000000000001,0.6981317007977318,0.18010805910596728,1147.4684445641176
205000.0,2900.000000000001,0.7853981633974483,0.17618119974648708,1122.4504235848692
205000.0,2900.000000000001,0.8726646259971648,0.16809382113220583,1070.9257344332834
205000.0,2900.000000000001,0.9599310885968813,0.15611486589705506,994.6078106301378
205000.0,2900.000000000001,1.0471975511965976,0.14085017613769152,897.3564721732326
205000.0,2900.000000000001,1.1344640137963142,0.12241545063515832,779.9088359965937
205000.0,2900.000000000001,1.2217304763960306,0.10113438283477576,644.3271530403564
205000.0,2900.000000000001,1.3089969389957472,0.07784655588572124,495.96040754793
205000.0,2900.000000000001,1.3962634015954636,0.0527939787529288,336.3504386349094
205000.0,2900.000000000001,1.4835298641951802,0.026665046705582885,169.88301256126854
305000.0,2000.0,0.3490658503988659,0.10397030294908924,662.3948000886476
305000.0,2000.0,0.4363323129985824,0.10666175470782835,679.5420392435743
305000.0,2000.0,0.5235987755982988,0.10819146063199614,689.2877956864475
305000.0,2000.0,0.6108652381980153,0.10789254486740811,687.383403350257
305000.0,2000.0,0.6981317007977318,0.10593149549880637,674.8895578228953
305000.0,2000.0,0.7853981633974483,0.10204749694626974,650.1446030446845
305000.0,2000.0,0.8726646259971648,0.09627446835302667,613.3646378771329
305000.0,2000.0,0.9599310885968813,0.08869365805846026,565.0672954904503
305000.0,2000.0,1.0471975511965976,0.07961696830528721,507.2397050729848
305000.0,2000.0,1.1344640137963142,0.06884851089268437,438.63386289729215
305000.0,2000.0,1.2217304763960306,0.05677280422391978,361.69953571059295
305000.0,2000.0,1.3089969389957472,0.04360930680801603,277.8348936738701
305000.0,2000.0,1.3962634015954636,0.029533581903804746,188.15845030914002
305000.0,2000.0,1.4835298641951802,0.014911634496820656,95.0020233792444
305000.0,2100.0,0.3490658503988659,0.11102187346157176,707.3203558236737
305000.0,2100.0,0.4363323129985824,0.1145489505841076,729.7913641713495
305000.0,2100.0,0.5235987755982988,0.11622699987682321,740.4822162152407
305000.0,2100.0,0.6108652381980153,0.11617987950077374,740.1820122994295
305000.0,2100.0,0.6981317007977318,0.11405117547976092,726.6200389815568
305000.0,2100.0,0.7853981633974483,0.11007636167070271,701.296500204047
305000.0,2100.0,0.8726646259971648,0.10402243075848738,662.7269063623231
305000.0,2100.0,0.9599310885968813,0.09598733896387127,611.5353365388238
305000.0,2100.0,1.0471975511965976,0.08611382515321693,548.6311800511451
305000.0,2100.0,1.1344640137963142,0.074579324262442,475.144874876018
305000.0,2100.0,1.2217304763960306,0.06146863471116556,391.6166717448358
305000.0,2100.0,1.3089969389957472,0.04719757336387129,300.695739901224
305000.0,2100.0,1.3962634015954636,0.0320200559033014,203.99977615993322
305000.0,2100.0,1.4835298641951802,0.016164184523490145,102.9820195991557
305000.0,2200.0,0.3490658503988659,0.11858961463792389,755.5344348582131
305000.0,2200.0,0.4363323129985824,0.1224246384713722,779.9673717011123
305000.0,2200.0,0.5235987755982988,0.12454196017890118,793.4568282997794
305000.0,2200.0,0.6108652381980153,0.12477246895829062,794.9253997332696
305000.0,2200.0,0.6981317007977318,0.12272395487782795,781.8743165266418
305000.0,2200.0,0.7853981633974483,0.11864694134017545,755.8996632782578
305000.0,2200.0,0.8726646259971648,0.11228854545771064,715.3903231110745
305000.0,2200.0,0.9599310885968813,0.10355104239392701,659.7236910917089
305000.0,2200.0,1.0471975511965976,0.09303032896024328,592.6962258057099
305000.0,2200.0,1.1344640137963142,0.0805218641871348,513.0047967362359
305000.0,2200.0,1.2217304763960306,0.0664646992285214,423.44659878490984
305000.0,2200.0,1.3089969389957472,0.05101244100707566,325.00026165607903
305000.0,2200.0,1.3962634015954636,0.034595624466906116,220.40872347865889
305000.0,2200.0,1.4835298641951802,0.017493350516452948,111.45013614032173
305000.0,2300.0000000000005,0.3490658503988659,0.12639238360341257,805.2458759373415
305000.0,2300.0000000000005,0.4363323129985824,0.13085945158071632,833.7055660207437
305000.0,2300.0000000000005,0.5235987755982988,0.13344732816194316,850.1929277197398
305000.0,2300.0000000000005,0.6108652381980153,0.13395458857281148,853.4246837973819
305000.0,2300.0000000000005,0.6981317007977318,0.13199435502971196,840.936035894295
305000.0,2300.0000000000005,0.7853981633974483,0.1275347007505678,812.5235784818674
305000.0,2300.0000000000005,0.8726646259971648,0.1208586723521381,769.9906015554718
305000.0,2300.0000000000005,0.9599310885968813,0.11161029423599529,711.069184577526
305000.0,2300.0000000000005,1.0471975511965976,0.10019695953236317,638.3548291806858
305000.0,2300.0000000000005,1.1344640137963142,0.08683083609228179,553.1992567439272
305000.0,2300.0000000000005,1.2217304763960306,0.07163522902984257,456.388044149127
305000.0,2300.0000000000005,1.3089969389957472,0.05505575408974911,350.7602093057916
305000.0,2300.0000000000005,1.3962634015954636,0.03732526282605309,237.79924946478425
305000.0,2300.0000000000005,1.4835298641951802,0.018837171391566047,120.01161893566729
305000.0,2400.0000000000005,0.3490658503988659,0.13444409660197218,856.5433394511647
305000.0,2400.0000000000005,0.4363323129985824,0.13958109059777704,889.2711281984375
305000.0,2400.0000000000005,0.5235987755982988,0.1426657164498369,908.9232795019108
305000.0,2400.0000000000005,0.6108652381980153,0.14319029079755777,912.2653426712405
305000.0,2400.0000000000005,0.6981317007977318,0.14132391495613483,900.374662185535
305000.0,2400.0000000000005,0.7853981633974483,0.13699806680665147,872.8146836251766
305000.0,2400.0000000000005,0.8726646259971648,0.12974381690402767,826.5978574955603
305000.0,2400.0000000000005,0.9599310885968813,0.11994868333062104,764.1930614993867
305000.0,2400.0000000000005,1.0471975511965976,0.10761239246608433,685.5985524014233
305000.0,2400.0000000000005,1.1344640137963142,0.09319836769319564,593.7668005733494
305000.0,2400.0000000000005,1.2217304763960306,0.07698228531799339,490.4541397609359
305000.0,2400.0000000000005,1.3089969389957472,0.05914076622375844,376.78582161156504
305000.0,2400.0000000000005,1.3962634015954636,0.04008007919508571,255.35018455189106
305000.0,2400.0000000000005,1.4835298641951802,0.020257944806131734,129.06336635986528
305000.0,2500.0000000000005,0.3490658503988659,0.14275630596866423,909.5004253263598
305000.0,2500.0000000000005,0.4363323129985824,0.1486039636803983,946.7558526078175
305000.0,2500.0000000000005,0.5235987755982988,0.15221448591724746,969.7584897787835
305000.0,2500.0000000000005,0.6108652381980153,0.15305111077702754,975.0886267604425
305000.0,2500.0000000000005,0.6981317007977318,0.1512753154246625,963.7750345705247
305000.0,2500.0000000000005,0.7853981633974483,0.14655133014577396,933.6785243587259
305000.0,2500.0000000000005,0.8726646259971648,0.13894276763944075,885.204372630877
305000.0,2500.0000000000005,0.9599310885968813,0.12858004089909167,819.183440568113
305000.0,2500.0000000000005,1.0471975511965976,0.11547553984324732,735.6946643413287
305000.0,2500.0000000000005,1.1344640137963142,0.09994048292772445,636.7208167325325
305000.0,2500.0000000000005,1.2217304763960306,0.0824978995470546,525.5941180142848
305000.0,2500.0000000000005,1.3089969389957472,0.06345479373518617,404.27049088687113
305000.0,2500.0000000000005,1.3962634015954636,0.04299048688232475,273.892391927291
305000.0,2500.0000000000005,1.4835298641951802,0.021723726943776455,138.4018643587998
305000.0,2600.0000000000005,0.3490658503988659,0.15133720315597973,964.169321306747
305000.0,2600.0000000000005,0.4363323129985824,0.15793721184289997,1006.2179766511157
305000.0,2600.0000000000005,0.5235987755982988,0.1621037546742272,1032.7630210295015
305000.0,2600.0000000000005,0.6108652381980153,0.1632581667362215,1040.117780276467
305000.0,2600.0000000000005,0.6981317007977318,0.1615765758307607,1029.4043646177765
305000.0,2600.0000000000005,0.7853981633974483,0.15670155706331124,998.3456200503559
305000.0,2600.0000000000005,0.8726646259971648,0.14869932295746266,947.3633865619945
305000.0,2600.0000000000005,0.9599310885968813,0.13750508512687312,876.0448973433087
305000.0,2600.0000000000005,1.0471975511965976,0.12359513127943138,787.4245813812573
305000.0,2600.0000000000005,1.1344640137963142,0.1070758046792377,682.1799516114233
305000.0,2600.0000000000005,1.2217304763960306,0.08833321630562305,562.7709210831244
305000.0,2600.0000000000005,1.3089969389957472,0.06790378178687799,432.61499376419965
305000.0,2600.0000000000005,1.3962634015954636,0.0459862745111173,292.97855491032834
305000.0,2600.0000000000005,1.4835298641951802,0.023232388819881017,148.01354917146196
305000.0,2700.0000000000005,0.3490658503988659,0.1601898434626831,1020.569492700754
305000.0,2700.0000000000005,0.4363323129985824,0.16758215145760397,1067.665886936395
305000.0,2700.0000000000005,0.5235987755982988,0.17233323723399177,1097.9350544177614
305000.0,2700.0000000000005,0.6108652381980153,0.17414519935546519,1109.4790650936686
305000.0,2700.0000000000005,0.6981317007977318,0.17222937410704628,1097.273342435992
305000.0,2700.0000000000005,0.7853981633974483,0.16719886471995835,1065.2239671308548
305000.0,2700.0000000000005,0.8726646259971648,0.15852220894964592,1009.9449932181941
305000.0,2700.0000000000005,0.9599310885968813,0.1467054934270274,934.6606986235915
305000.0,2700.0000000000005,1.0471975511965976,0.13197705565512655,840.8258215788113
305000.0,2700.0000000000005,1.1344640137963142,0.11424732597608561,727.8697137936414
305000.0,2700.0000000000005,1.2217304763960306,0.09434057776995358,601.0438209723743
305000.0,2700.0000000000005,1.3089969389957472,0.07248350367909376,461.79240193950636
305000.0,2700.0000000000005,1.3962634015954636,0.04914920965140236,313.12961468908446
305000.0,2700.0000000000005,1.4835298641951802,0.0248234283851044,158.15006224150014
305000.0,2800.000000000001,0.3490658503988659,0.16968387671561572,1081.0559785551877
305000.0,2800.000000000001,0.4363323129985824,0.1779074355624327,1133.4482719682585
305000.0,2800.000000000001,0.5235987755982988,0.18325738108498585,1167.5327748924449
305000.0,2800.000000000001,0.6108652381980153,0.18508576006097233,1179.1813773484546
305000.0,2800.000000000001,0.6981317007977318,0.1835722979203942,1169.5391100508314
305000.0,2800.000000000001,0.7853981633974483,0.1783309591890586,1136.1465409934924
305000.0,2800.000000000001,0.8726646259971648,0.16921075094040597,1078.0416942413265
305000.0,2800.000000000001,0.9599310885968813,0.15644717525354945,996.7249535403636
305000.0,2800.000000000001,1.0471975511965976,0.14060909918640274,895.8205709165719
305000.0,2800.000000000001,1.1344640137963142,0.12181604464193474,776.0900204137663
305000.0,2800.000000000001,1.2217304763960306,0.1006686045189178,641.3596793900253
305000.0,2800.000000000001,1.3089969389957472,0.07730440461736388,492.50636181722524
305000.0,2800.000000000001,1.3962634015954636,0.05239742057495545,333.8239664830412
305000.0,2800.000000000001,1.4835298641951802,0.026457390911480475,168.5600374970421
305000.0,2900.000000000001,0.3490658503988659,0.17948480607792844,1143.497699522482
305000.0,2900.000000000001,0.4363323129985824,0.1885836077298047,1201.4661648465858
305000.0,2900.000000000001,0.5235987755982988,0.19456018008297832,1239.5429073086548
305000.0,2900.000000000001,0.6108652381980153,0.19673944406750055,1253.426998154046
305000.0,2900.000000000001,0.6981317007977318,0.19529208392500752,1244.2058666862229
305000.0,2900.000000000001,0.7853981633974483,0.1895449807663569,1207.5910724624598
305000.0,2900.000000000001,0.8726646259971648,0.17995851115644274,1146.5156745776967
305000.0,2900.000000000001,0.9599310885968813,0.16673200944879224,1062.2496321982553
305000.0,2900.000000000001,1.0471975511965976,0.14971820642488673,953.8546931329533
305000.0,2900.000000000001,1.1344640137963142,0.12979115557017595,826.899452137591
305000.0,2900.000000000001,1.2217304763960306,0.10702374617412892,681.8482868753753
305000.0,2900.000000000001,1.3089969389957472,0.08225648771185387,524.056083212221
305000.0,2900.000000000001,1.3962634015954636,0.055730434764103644,355.0585998821043
305000.0,2900.000000000001,1.4835298641951802,0.028132073601055886,179.22944091232705
405000.0,2000.0,0.3490658503988659,0.11653519456224187,742.4457245560429
405000.0,2000.0,0.4363323129985824,0.11864682510823202,755.8989227645462
405000.0,2000.0,0.5235987755982988,0.11951242226386319,761.4136422430724
405000.0,2000.0,0.6108652381980153,0.11846507994635942,754.7410243382559
405000.0,2000.0,0.6981317007977318,0.11569314161673853,737.0810052402412
405000.0,2000.0,0.7853981633974483,0.11094412154643135,706.8249983723141
405000.0,2000.0,0.8726646259971648,0.10426395022656967,664.2656268934754
405000.0,2000.0,0.9599310885968813,0.09574258238537647,609.9759923772334
405000.0,2000.0,1.0471975511965976,0.08569957153149299,545.9919702271419
405000.0,2000.0,1.1344640137963142,0.07394448256465067,471.1002984193894
405000.0,2000.0,1.2217304763960306,0.060866217662246314,387.7786727261713
405000.0,2000.0,1.3089969389957472,0.04668815996051423,297.45026710843615
405000.0,2000.0,1.3962634015954636,0.03159084937649846,201.2653013776717
405000.0,2000.0,1.4835298641951802,0.015941539562593584,101.56354855328372
405000.0,2100.0,0.3490658503988659,0.12421070018723299,791.3463708928614
405000.0,2100.0,0.4363323129985824,0.12712953391380274,809.9422605648373
405000.0,2100.0,0.5235987755982988,0.12808769019535943,816.046674234635
405000.0,2100.0,0.6108652381980153,0.12724457837013992,810.6752087961614
405000.0,2100.0,0.6981317007977318,0.12450302380388174,793.2087646545306
405000.0,2100.0,0.7853981633974483,0.11936219632828013,760.4565528074727
405000.0,2100.0,0.8726646259971648,0.11235409727553299,715.8079537424206
405000.0,2100.0,0.9599310885968813,0.1033321295998176,658.3289976804379
405000.0,2100.0,1.0471975511965976,0.09244715596530131,588.9808306549346
405000.0,2100.0,1.1344640137963142,0.07988224209276046,508.9297643729769
405000.0,2100.0,1.2217304763960306,0.06572468497513335,418.7319679765746
405000.0,2100.0,1.3089969389957472,0.05048896182740928,321.66517580242447
405000.0,2100.0,1.3962634015954636,0.034157513524749106,217.61751866617655
405000.0,2100.0,1.4835298641951802,0.01723387609584564,109.79702460663256
405000.0,2200.0,0.3490658503988659,0.132415084904932,843.6165059293219
405000.0,2200.0,0.4363323129985824,0.13558019490561202,863.7814217436542
405000.0,2200.0,0.5235987755982988,0.13722308935560598,874.2483022845657
405000.0,2200.0,0.6108652381980153,0.13631828039008892,868.4837643652565
405000.0,2200.0,0.6981317007977318,0.1336295049400363,851.3535759729713
405000.0,2200.0,0.7853981633974483,0.12832035784018295,817.5289997998055
405000.0,2200.0,0.8726646259971648,0.12096299820485831,770.6552615631523
405000.0,2200.0,0.9599310885968813,0.11139507688648637,709.6980348438046
405000.0,2200.0,1.0471975511965976,0.09961014914408976,634.6162601969959
405000.0,2200.0,1.1344640137963142,0.08602457205900096,548.0625485878951
405000.0,2200.0,1.2217304763960306,0.07088067092365245,451.5807544545898
405000.0,2200.0,1.3089969389957472,0.05442395066417947,346.7349896814874
405000.0,2200.0,1.3962634015954636,0.03681037601656152,234.51890560151347
405000.0,2200.0,1.4835298641951802,0.01860250387557379,118.51655219128061
405000.0,2300.0000000000005,0.3490658503988659,0.140856440577327,897.3963829181503
405000.0,2300.0000000000005,0.4363323129985824,0.14460884308993238,921.3029393259592
405000.0,2300.0000000000005,0.5235987755982988,0.14638012986086532,932.587807343573
405000.0,2300.0000000000005,0.6108652381980153,0.1459981333993427,930.1541078872123
405000.0,2300.0000000000005,0.6981317007977318,0.14306903323259682,911.4928107248743
405000.0,2300.0000000000005,0.7853981633974483,0.13758425756709097,876.5493049599365
405000.0,2300.0000000000005,0.8726646259971648,0.12986951849018472,827.3987023009669
405000.0,2300.0000000000005,0.9599310885968813,0.11953291654407817,761.5442113023221
405000.0,2300.0000000000005,1.0471975511965976,0.10701550194242959,681.7957628752189
405000.0,2300.0000000000005,1.1344640137963142,0.09253487799833394,589.5397077273856
405000.0,2300.0000000000005,1.2217304763960306,0.07620656398491561,485.5120191478974
405000.0,2300.0000000000005,1.3089969389957472,0.058492061172256485,372.6529217284461
405000.0,2300.0000000000005,1.3962634015954636,0.03961804793870222,252.4065834174718
405000.0,2300.0000000000005,1.4835298641951802,0.019982877540095423,127.31091280794794
405000.0,2400.0000000000005,0.3490658503988659,0.1495457058072356,952.7556916978981
405000.0,2400.0000000000005,0.4363323129985824,0.15392063327013725,980.6283545640443
405000.0,2400.0000000000005,0.5235987755982988,0.15613893434739706,994.7611507272667
405000.0,2400.0000000000005,0.6108652381980153,0.1560018701972613,993.8879150267518
405000.0,2400.0000000000005,0.6981317007977318,0.15310470730389775,975.4300902331325
405000.0,2400.0000000000005,0.7853981633974483,0.1474420134754114,939.3530678518459
405000.0,2400.0000000000005,0.8726646259971648,0.1390798730524676,886.0778712172711
405000.0,2400.0000000000005,0.9599310885968813,0.1281562429470506,816.4834238156595
405000.0,2400.0000000000005,1.0471975511965976,0.11485534653776623,731.7434127921086
405000.0,2400.0000000000005,1.1344640137963142,0.09925631304072399,632.3619703824526
405000.0,2400.0000000000005,1.2217304763960306,0.08170012712273413,520.5115098989392
405000.0,2400.0000000000005,1.3089969389957472,0.06268300651171424,399.3534344861314
405000.0,2400.0000000000005,1.3962634015954636,0.042512822568129986,270.84919258155617
405000.0,2400.0000000000005,1.4835298641951802,0.02144026337199093,136.5959179429542
405000.0,2500.0000000000005,0.3490658503988659,0.1584896223525935,1009.7373840083733
405000.0,2500.0000000000005,0.4363323129985824,0.1635247595131654,1041.8162428583767
405000.0,2500.0000000000005,0.5235987755982988,0.16621750898784807,1058.97174976158
405000.0,2500.0000000000005,0.6108652381980153,0.16634705987188456,1059.7971184437765
405000.0,2500.0000000000005,0.6981317007977318,0.16348216861188228,1041.544896226302
405000.0,2500.0000000000005,0.7853981633974483,0.1576216083922339,1004.2072670669223
405000.0,2500.0000000000005,0.8726646259971648,0.14883587295169817,948.233346575269
405000.0,2500.0000000000005,0.9599310885968813,0.1370602894231515,873.2111039148981
405000.0,2500.0000000000005,1.0471975511965976,0.12275558571842998,782.0758366121174
405000.0,2500.0000000000005,1.1344640137963142,0.10619202002937599,676.5493596071544
405000.0,2500.0000000000005,1.2217304763960306,0.08750656172140425,557.5043047270666
405000.0,2500.0000000000005,1.3089969389957472,0.06710693328731102,427.53827197345845
405000.0,2500.0000000000005,1.3962634015954636,0.045496858188667826,289.86048352000273
405000.0,2500.0000000000005,1.4835298641951802,0.0229759011624446,146.37946630593453
405000.0,2600.0000000000005,0.3490658503988659,0.16804640322209202,1070.6236349279482
405000.0,2600.0000000000005,0.4363323129985824,0.17377503538126488,1107.1207504140386
405000.0,2600.0000000000005,0.5235987755982988,0.17695236562600034,1127.3635214032481
405000.0,2600.0000000000005,0.6108652381980153,0.17703889709916643,1127.9148134187892
405000.0,2600.0000000000005,0.6981317007977318,0.1742125585085671,1109.9082102580808
405000.0,2600.0000000000005,0.7853981633974483,0.16814402283672444,1071.2455694927714
405000.0,2600.0000000000005,0.8726646259971648,0.15866797329626556,1010.8736578705079
405000.0,2600.0000000000005,0.9599310885968813,0.14647276454677435,933.1779829274994
405000.0,2600.0000000000005,1.0471975511965976,0.13109965351876152,835.2358925680296
405000.0,2600.0000000000005,1.1344640137963142,0.11332863983950159,722.0167644174646
405000.0,2600.0000000000005,1.2217304763960306,0.09348364406442146,595.584296334429
405000.0,2600.0000000000005,1.3089969389957472,0.07165573800714187,456.51870684350087
405000.0,2600.0000000000005,1.3962634015954636,0.04856532703212627,309.4096985216765
405000.0,2600.0000000000005,1.4835298641951802,0.024521596439875438,156.22709091844644
405000.0,2700.0000000000005,0.3490658503988659,0.17755198365872155,1131.183687889715
405000.0,2700.0000000000005,0.4363323129985824,0.1840160013599493,1172.365944664237
405000.0,2700.0000000000005,0.5235987755982988,0.18772180802423138,1195.9756389223783
405000.0,2700.0000000000005,0.6108652381980153,0.18839774378117377,1200.282025629858
405000.0,2700.0000000000005,0.6981317007977318,0.18528857110673128,1180.4734865209848
405000.0,2700.0000000000005,0.7853981633974483,0.17901242436428713,1140.4881556248733
405000.0,2700.0000000000005,0.8726646259971648,0.16906408545454166,1077.1072884308849
405000.0,2700.0000000000005,0.9599310885968813,0.15595002097056218,993.5575836034516
405000.0,2700.0000000000005,1.0471975511965976,0.13990545348247008,891.3376441368168
405000.0,2700.0000000000005,1.1344640137963142,0.12086211463822041,770.0125323601022
405000.0,2700.0000000000005,1.2217304763960306,0.09963213462256681,634.7563296803731
405000.0,2700.0000000000005,1.3089969389957472,0.07645141566818933,487.0719692220342
405000.0,2700.0000000000005,1.3962634015954636,0.051793898809844516,329.97892931751943
405000.0,2700.0000000000005,1.4835298641951802,0.026145546224282435,166.5732749949034
405000.0,2800.000000000001,0.3490658503988659,0.1877028615963109,1195.8549312300966
405000.0,2800.000000000001,0.4363323129985824,0.19493742811206263,1241.946354501951
405000.0,2800.000000000001,0.5235987755982988,0.19918038128631774,1268.9782091751304
405000.0,2800.000000000001,0.6108652381980153,0.19980912888807592,1272.9839601459316
405000.0,2800.000000000001,0.6981317007977318,0.19704434367516363,1255.3695135544676
405000.0,2800.000000000001,0.7853981633974483,0.19050579482458638,1213.71241882744
405000.0,2800.000000000001,0.8726646259971648,0.18005832475010067,1147.1515869828913
405000.0,2800.000000000001,0.9599310885968813,0.16594705733413836,1057.2487022757957
405000.0,2800.000000000001,1.0471975511965976,0.14875411479894032,947.7124653840488
405000.0,2800.000000000001,1.1344640137963142,0.12860008629695444,819.3111497978967
405000.0,2800.000000000001,1.2217304763960306,0.10609720961324395,675.9453224459772
405000.0,2800.000000000001,1.3089969389957472,0.08137233274186542,518.4231318984246
405000.0,2800.000000000001,1.3962634015954636,0.055106868493083626,351.0858591694358
405000.0,2800.000000000001,1.4835298641951802,0.02781115759334763,177.18488502721777
405000.0,2900.000000000001,0.3490658503988659,0.1981686071579779,1262.5321962034773
405000.0,2900.000000000001,0.4363323129985824,0.20621224947039093,1313.7782413758607
405000.0,2900.000000000001,0.5235987755982988,0.21101660081196777,1344.3867637730466
405000.0,2900.000000000001,0.6108652381980153,0.21226467738712987,1352.3382596334045
405000.0,2900.000000000001,0.6981317007977318,0.20917493414242241,1332.6535054213732
405000.0,2900.000000000001,0.7853981633974483,0.20206399301724343,1287.349699512858
405000.0,2900.000000000001,0.8726646259971648,0.19109977013548154,1217.4966355331528
405000.0,2900.000000000001,0.9599310885968813,0.17649461925547447,1124.4472192766277
405000.0,2900.000000000001,1.0471975511965976,0.15807002134243947,1007.0641059726819
405000.0,2900.000000000001,1.1344640137963142,0.13675039960484922,871.2367958824944
405000.0,2900.000000000001,1.2217304763960306,0.1127352322192793,718.2361644690284
405000.0,2900.000000000001,1.3089969389957472,0.08641899265513314,550.5754022058533
405000.0,2900.000000000001,1.3962634015954636,0.05858163897378585,373.22362190198965
405000.0,2900.000000000001,1.4835298641951802,0.02955946720774494,188.323365580543
