altitude_m,velocity_m_s,gamma_rad,range_rad
0.0,500.0,-0.3490658503988659,7.374963443517977e-05
0.0,500.0,-0.17453292519943295,7.728936984729008e-05
0.0,500.0,0.0,7.848061496588825e-05
0.0,500.0,0.17453292519943295,7.7287266856121e-05
0.0,500.0,0.3490658503988659,7.374567664653824e-05
0.0,500.0,0.5235987755982988,6.796353953155645e-05
0.0,500.0,0.6981317007977318,6.011660692806287e-05
0.0,500.0,0.8726646259971648,5.0443333758194115e-05
0.0,500.0,1.0471975511965976,3.923764077672175e-05
0.0,500.0,1.2217304763960306,2.683996972312429e-05
0.0,500.0,1.3962634015954636,1.3626963225342535e-05
0.0,1000.0,-0.3490658503988659,0.000147503226599998
0.0,1000.0,-0.17453292519943295,0.00015458084850398474
0.0,1000.0,0.0,0.00015696122863797488
0.0,1000.0,0.17453292519943295,0.00015457242145626082
0.0,1000.0,0.3490658503988659,0.000147487390928835
0.0,1000.0,0.5235987755982988,0.0001359217446571595
0.0,1000.0,0.6981317007977318,0.00012022714800002803
0.0,1000.0,0.8726646259971648,0.00010088060380103641
0.0,1000.0,1.0471975511965976,7.84699506383836e-05
0.0,1000.0,1.2217304763960306,5.367598692368545e-05
0.0,1000.0,1.3962634015954636,2.7251820305313057e-05
0.0,1500.0,-0.3490658503988659,0.00022126077944612869
0.0,1500.0,-0.17453292519943295,0.00023187443125434928
0.0,1500.0,0.0,0.0002354418416086532
0.0,1500.0,0.17453292519943295,0.0002318554717734144
0.0,1500.0,0.3490658503988659,0.00022122514630038928
0.0,1500.0,0.5235987755982988,0.0002038746170471565
0.0,1500.0,0.6981317007977318,0.00018033162496587188
0.0,1500.0,0.8726646259971648,0.0001513118096138327
0.0,1500.0,1.0471975511965976,0.00011769692434034443
0.0,1500.0,1.2217304763960306,8.050804220626487e-05
0.0,1500.0,1.3962634015954636,4.087457235445081e-05
0.0,2000.0,-0.3490658503988659,0.00029502228726964984
0.0,2000.0,-0.17453292519943295,0.0003091701174527059
0.0,2000.0,0.0,0.0003139224511694753
0.0,2000.0,0.17453292519943295,0.00030913641213378305
0.0,2000.0,0.3490658503988659,0.00029495894307836817
0.0,2000.0,0.5235987755982988,0.0002718221536070061
0.0,2000.0,0.6981317007977318,0.00024043003695920883
0.0,2000.0,0.8726646259971648,0.00020173695233273025
0.0,2000.0,1.0471975511965976,0.000156918568428444
0.0,2000.0,1.2217304763960306,0.00010733614134301965
0.0,2000.0,1.3962634015954636,5.449521301759274e-05
0.0,2500.0,-0.3490658503988659,0.0003687877533986929
0.0,2500.0,-0.17453292519943295,0.00038646790645343714
0.0,2500.0,0.0,0.00039240305659249777
0.0,2500.0,0.17453292519943295,0.00038641524232218915
0.0,2500.0,0.3490658503988659,0.00036868877646076346
0.0,2500.0,0.5235987755982988,0.00033976435712335963
0.0,2500.0,0.6981317007977318,0.00030052238643831424
0.0,2500.0,0.8726646259971648,0.00025215603265382654
0.0,2500.0,1.0471975511965976,0.000196134882657676
0.0,2500.0,1.2217304763960306,0.00013416028597012985
0.0,2500.0,1.3962634015954636,6.811375875696925e-05
0.0,3000.0,-0.3490658503988659,0.00044255717589290105
0.0,3000.0,-0.17453292519943295,0.00046376779904733765
0.0,3000.0,0.0,0.0004708836570083125
0.0,3000.0,0.17453292519943295,0.00046369196183610064
0.0,3000.0,0.3490658503988659,0.00044241464957490994
0.0,3000.0,0.5235987755982988,0.00040770122673426386
0.0,3000.0,0.6981317007977318,0.00036060867087434474
0.0,3000.0,0.8726646259971648,0.0003025690511999693
0.0,3000.0,1.0471975511965976,0.0002353458680094777
0.0,3000.0,1.2217304763960306,0.0001609804749655997
0.0,3000.0,1.3962634015954636,8.173019452501576e-05
0.0,3500.0,-0.3490658503988659,0.0005163305549623861
0.0,3500.0,-0.17453292519943295,0.0005410697919213771
0.0,3500.0,0.0,0.000549364251709185
0.0,3500.0,0.17453292519943295,0.000540966570090841
0.0,3500.0,0.3490658503988659,0.0005161365607157974
0.0,3500.0,0.5235987755982988,0.0004756327621689121
0.0,3500.0,0.6981317007977318,0.0004206888944938955
0.0,3500.0,0.8726646259971648,0.00035297600920222076
0.0,3500.0,1.0471975511965976,0.0002745515250072429
0.0,3500.0,1.2217304763960306,0.00018779670996595284
0.0,3500.0,1.3962634015954636,9.534452770425657e-05
0.0,4000.0,-0.3490658503988659,0.0005901078888015056
0.0,4000.0,-0.17453292519943295,0.0006183738859690757
0.0,4000.0,0.0,0.0006278448396943465
0.0,4000.0,0.17453292519943295,0.0006182390652138439
0.0,4000.0,0.3490658503988659,0.0005898545093774186
0.0,4000.0,0.5235987755982988,0.0005435589635824148
0.0,4000.0,0.6981317007977318,0.00048076305505175075
0.0,4000.0,0.8726646259971648,0.0004033769078447256
0.0,4000.0,1.0471975511965976,0.00031375185435647323
0.0,4000.0,1.2217304763960306,0.00021460899157354252
0.0,4000.0,1.3962634015954636,0.00010895675880881207
0.0,4500.0,-0.3490658503988659,0.0006638891787225019
0.0,4500.0,-0.17453292519943295,0.0006956800802828636
0.0,4500.0,0.0,0.0007063254199899741
0.0,4500.0,0.17453292519943295,0.0006955094479525835
0.0,4500.0,0.3490658503988659,0.0006635684950847407
0.0,4500.0,0.5235987755982988,0.000611479830774512
0.0,4500.0,0.6981317007977318,0.0005408311535837595
0.0,4500.0,0.8726646259971648,0.0004537717473122491
0.0,4500.0,1.0471975511965976,0.00035294685810196457
0.0,4500.0,1.2217304763960306,0.0002414173203908939
0.0,4500.0,1.3962634015954636,0.00012256688439327718
100.0,500.0,-0.3490658503988659,7.374853398350577e-05
100.0,500.0,-0.17453292519943295,0.00015457877859414578
100.0,500.0,0.0,0.0003924020380458501
100.0,500.0,0.17453292519943295,0.0014683464276795996
100.0,500.0,0.3490658503988659,0.002654070338982586
100.0,500.0,0.5235987755982988,0.0035318700847019684
100.0,500.0,0.6981317007977318,0.003963478590923731
100.0,500.0,0.8726646259971648,0.003979021516282584
100.0,500.0,1.0471975511965976,0.0034853930051632126
100.0,500.0,1.2217304763960306,0.002597569969347931
100.0,500.0,1.3962634015954636,0.0013728680428235604
100.0,1000.0,-0.3490658503988659,0.00014750102650838674
100.0,1000.0,-0.17453292519943295,0.0001545785430162519
100.0,1000.0,0.0,0.0007848039549663442
100.0,1000.0,0.17453292519943295,0.005717439089189841
100.0,1000.0,0.3490658503988659,0.0106063186151617
100.0,1000.0,0.5235987755982988,0.01409888644000395
100.0,1000.0,0.6981317007977318,0.015920667266697826
100.0,1000.0,0.8726646259971648,0.015941389562140317
100.0,1000.0,1.0471975511965976,0.013935479619980595
100.0,1000.0,1.2217304763960306,0.010316642693563019
100.0,1000.0,1.3962634015954636,0.0054758011795266945
100.0,1500.0,-0.3490658503988659,0.00022125747575939134
100.0,1500.0,-0.17453292519943295,0.00023187096995757052
100.0,1500.0,0.0,0.0011772056302961707
100.0,1500.0,0.17453292519943295,0.012974692246362406
100.0,1500.0,0.3490658503988659,0.024045782164438586
100.0,1500.0,0.5235987755982988,0.03222114008435718
100.0,1500.0,0.6981317007977318,0.036242826857083736
100.0,1500.0,0.8726646259971648,0.036103440616807314
100.0,1500.0,1.0471975511965976,0.03143990437653157
100.0,1500.0,1.2217304763960306,0.023251577395506675
100.0,1500.0,1.3962634015954636,0.012340191341068731
100.0,2000.0,-0.3490658503988659,0.00029501788355930435
100.0,2000.0,-0.17453292519943295,0.000309165501934429
100.0,2000.0,0.0,0.0015696069430510616
100.0,2000.0,0.17453292519943295,0.023463306118770153
100.0,2000.0,0.3490658503988659,0.043721711575221006
100.0,2000.0,0.5235987755982988,0.05833647773589925
100.0,2000.0,0.6981317007977318,0.06563568867112082
100.0,2000.0,0.8726646259971648,0.06468649741512852
100.0,2000.0,1.0471975511965976,0.05634945409313006
100.0,2000.0,1.2217304763960306,0.041428510267649155
100.0,2000.0,1.3962634015954636,0.021952176751592334
100.0,2500.0,-0.3490658503988659,0.0003687822481181447
100.0,2500.0,-0.17453292519943295,0.0003864621385165874
100.0,2500.0,0.0,0.0019620077725293027
100.0,2500.0,0.17453292519943295,0.03817286003854053
100.0,2500.0,0.3490658503988659,0.07055937193612422
100.0,2500.0,0.5235987755982988,0.09378223751176143
100.0,2500.0,0.6981317007977318,0.10448005948783297
100.0,2500.0,0.8726646259971648,0.10260897488287517
100.0,2500.0,1.0471975511965976,0.08882716448496779
100.0,2500.0,1.2217304763960306,0.06503487100419095
100.0,2500.0,1.3962634015954636,0.03430165303348768
100.0,3000.0,-0.3490658503988659,0.00044255056980364155
100.0,3000.0,-0.17453292519943295,0.00046376087625747
100.0,3000.0,0.0,0.002354407997792902
100.0,3000.0,0.17453292519943295,0.05730895347435978
100.0,3000.0,0.3490658503988659,0.10614749329602816
100.0,3000.0,0.5235987755982988,0.13970732268980837
100.0,3000.0,0.6981317007977318,0.15465634060708205
100.0,3000.0,0.8726646259971648,0.15062248985343857
100.0,3000.0,1.0471975511965976,0.12907144025484868
100.0,3000.0,1.2217304763960306,0.0941427404258154
100.0,3000.0,1.3962634015954636,0.0494200688692073
100.0,3500.0,-0.3490658503988659,0.0005163228463745579
100.0,3500.0,-0.17453292519943295,0.00054106171556835
100.0,3500.0,0.0,0.0032961839777706494
100.0,3500.0,0.17453292519943295,0.08291247760999172
100.0,3500.0,0.3490658503988659,0.15202058240654068
100.0,3500.0,0.5235987755982988,0.1981752484038502
100.0,3500.0,0.6981317007977318,0.2170926975954692
100.0,3500.0,0.8726646259971648,0.20934322597699828
100.0,3500.0,1.0471975511965976,0.17792212474122418
100.0,3500.0,1.2217304763960306,0.1286683341535455
100.0,3500.0,1.3962634015954636,0.06740235022683976
100.0,4000.0,-0.3490658503988659,0.0005900990796914319
100.0,4000.0,-0.17453292519943295,0.0006183646556139704
100.0,4000.0,0.0,0.0037670632267848376
100.0,4000.0,0.17453292519943295,0.11667781861413175
100.0,4000.0,0.3490658503988659,0.2121371536267321
100.0,4000.0,0.5235987755982988,0.27262768476738236
100.0,4000.0,0.6981317007977318,0.294613805343209
100.0,4000.0,0.8726646259971648,0.28019482365834
100.0,4000.0,1.0471975511965976,0.23566644451337687
100.0,4000.0,1.2217304763960306,0.16908992662455885
100.0,4000.0,1.3962634015954636,0.08818730756368767
100.0,4500.0,-0.3490658503988659,0.0006638792675843372
100.0,4500.0,-0.17453292519943295,0.0006956696956434994
100.0,4500.0,0.0,0.004237940805221223
100.0,4500.0,0.17453292519943295,0.16122909654317805
100.0,4500.0,0.3490658503988659,0.2895009108975682
100.0,4500.0,0.5235987755982988,0.36633281379384075
100.0,4500.0,0.6981317007977318,0.38864589852059694
100.0,4500.0,0.8726646259971648,0.3643783361487714
100.0,4500.0,1.0471975511965976,0.3027341703001046
100.0,4500.0,1.2217304763960306,0.21556193441578028
100.0,4500.0,1.3962634015954636,0.11175165438205932
200.0,500.0,-0.3490658503988659,0.00014749893703075388
200.0,500.0,-0.17453292519943295,0.00023186828333511932
200.0,500.0,0.0,0.0005493609767930271
200.0,500.0,0.17453292519943295,0.0015456133332703273
200.0,500.0,0.3490658503988659,0.0027277803443686278
200.0,500.0,0.5235987755982988,0.0035318145323864135
200.0,500.0,0.6981317007977318,0.004023538923139836
200.0,500.0,0.8726646259971648,0.003978958760402696
200.0,500.0,1.0471975511965976,0.0034853379644055275
200.0,500.0,1.2217304763960306,0.0025975289007217767
200.0,500.0,1.3962634015954636,0.001372846324902604
200.0,1000.0,-0.3490658503988659,0.0001474987112208801
200.0,1000.0,-0.17453292519943295,0.00030916112623163557
200.0,1000.0,0.0,0.0010987216214649734
200.0,1000.0,0.17453292519943295,0.0058719348286137285
200.0,1000.0,0.3490658503988659,0.010606151469499302
200.0,1000.0,0.5235987755982988,0.014098663304427437
200.0,1000.0,0.6981317007977318,0.016040667755057386
200.0,1000.0,0.8726646259971648,0.01594113448324162
200.0,1000.0,1.0471975511965976,0.013935255520483492
200.0,1000.0,1.2217304763960306,0.010316476098849057
200.0,1000.0,1.3962634015954636,0.005475712523960273
200.0,1500.0,-0.3490658503988659,0.00022125400292129048
200.0,1500.0,-0.17453292519943295,0.00023186733048881082
200.0,1500.0,0.0,0.0016480816031740084
200.0,1500.0,0.17453292519943295,0.012974488105732545
200.0,1500.0,0.3490658503988659,0.024045401315694943
200.0,1500.0,0.5235987755982988,0.03222062457273533
200.0,1500.0,0.6981317007977318,0.036242240178520034
200.0,1500.0,0.8726646259971648,0.03610284868270178
200.0,1500.0,1.0471975511965976,0.031557129437452924
200.0,1500.0,1.2217304763960306,0.023251188382101336
200.0,1500.0,1.3962634015954636,0.012339983641191033
200.0,2000.0,-0.3490658503988659,0.00029501325248005965
200.0,2000.0,-0.17453292519943295,0.00030916064933554085
200.0,2000.0,0.0,0.0021974405900496412
200.0,2000.0,0.17453292519943295,0.023772113514545005
200.0,2000.0,0.3490658503988659,0.04372101382046543
200.0,2000.0,0.5235987755982988,0.05833552959823539
200.0,2000.0,0.6981317007977318,0.06563459855056951
200.0,2000.0,0.8726646259971648,0.06468539985056672
200.0,2000.0,1.0471975511965976,0.05634847859411325
200.0,2000.0,1.2217304763960306,0.041427782021408434
200.0,2000.0,1.3962634015954636,0.021951786837433724
200.0,2500.0,-0.3490658503988659,0.0003687764594619789
200.0,2500.0,-0.17453292519943295,0.0003864560717193229
200.0,2500.0,0.0,0.0027467982506639618
200.0,2500.0,0.17453292519943295,0.03817225648293865
200.0,2500.0,0.3490658503988659,0.07055823375031609
200.0,2500.0,0.5235987755982988,0.09378067915861368
200.0,2500.0,0.6981317007977318,0.10447826439485686
200.0,2500.0,0.8726646259971648,0.10260715126339848
200.0,2500.0,1.0471975511965976,0.08882553727419548
200.0,2500.0,1.2217304763960306,0.06503365195310672
200.0,2500.0,1.3962634015954636,0.034301000727976
200.0,3000.0,-0.3490658503988659,0.00044254362217756375
200.0,3000.0,-0.17453292519943295,0.00046375359665937665
200.0,3000.0,0.0,0.0032961542532562696
200.0,3000.0,0.17453292519943295,0.057771820661959655
200.0,3000.0,0.3490658503988659,0.1061457551756812
200.0,3000.0,0.5235987755982988,0.13970493193935837
200.0,3000.0,0.6981317007977318,0.15465356021091603
200.0,3000.0,0.8726646259971648,0.15061964861045007
200.0,3000.0,1.0471975511965976,0.1293044446093954
200.0,3000.0,1.2217304763960306,0.09414083105174419
200.0,3000.0,1.3962634015954636,0.04941904794613019
200.0,3500.0,-0.3490658503988659,0.0005163147413745419
200.0,3500.0,-0.17453292519943295,0.0005410532225457305
200.0,3500.0,0.0,0.004394893826127644
200.0,3500.0,0.17453292519943295,0.08291115398584306
200.0,3500.0,0.3490658503988659,0.15201804254134688
200.0,3500.0,0.5235987755982988,0.19864763004200064
200.0,3500.0,0.6981317007977318,0.21708856517721548
200.0,3500.0,0.8726646259971648,0.20933897760160472
200.0,3500.0,1.0471975511965976,0.1779183200629633
200.0,3500.0,1.2217304763960306,0.12866547290408883
200.0,3500.0,1.3962634015954636,0.06740081386612264
200.0,4000.0,-0.3490658503988659,0.0005900898158922785
200.0,4000.0,-0.17453292519943295,0.0006183549489689099
200.0,4000.0,0.0,0.00502272590175733
200.0,4000.0,0.17453292519943295,0.11667594063969051
200.0,4000.0,0.3490658503988659,0.21213350668301229
200.0,4000.0,0.5235987755982988,0.2726225766927085
200.0,4000.0,0.6981317007977318,0.29460777009870087
200.0,4000.0,0.8726646259971648,0.28018860644911003
200.0,4000.0,1.0471975511965976,0.23566087055458673
200.0,4000.0,1.2217304763960306,0.16908573707884886
200.0,4000.0,1.3962634015954636,0.08818505726509772
200.0,4500.0,-0.3490658503988659,0.0006638688450600666
200.0,4500.0,-0.17453292519943295,0.0006956587750954254
200.0,4500.0,0.0,0.005650554017687288
200.0,4500.0,0.17453292519943295,0.16122647096751597
200.0,4500.0,0.3490658503988659,0.28949573736152673
200.0,4500.0,0.5235987755982988,0.3663254672285769
200.0,4500.0,0.6981317007977318,0.3886371868456271
200.0,4500.0,0.8726646259971648,0.3643693381997703
200.0,4500.0,1.0471975511965976,0.3027261211542695
200.0,4500.0,1.2217304763960306,0.21555588383858956
200.0,4500.0,1.3962634015954636,0.11174841604202686
300.00000000000006,500.0,-0.3490658503988659,0.00014749662321586986
300.00000000000006,500.0,-0.17453292519943295,0.00023186464382418898
300.00000000000006,500.0,0.0,0.000627836079611879
300.00000000000006,500.0,0.17453292519943295,0.0016228804494396493
300.00000000000006,500.0,0.3490658503988659,0.0027277374831921647
300.00000000000006,500.0,0.5235987755982988,0.003599729628808022
300.00000000000006,500.0,0.6981317007977318,0.004023475549753489
300.00000000000006,500.0,0.8726646259971648,0.004029347594836868
300.00000000000006,500.0,1.0471975511965976,0.0035245269782278412
300.00000000000006,500.0,1.2217304763960306,0.0025974878333269503
300.00000000000006,500.0,1.3962634015954636,0.0013864539627344119
300.00000000000006,1000.0,-0.3490658503988659,0.00014749639514431785
300.00000000000006,1000.0,-0.17453292519943295,0.0003091562732049514
300.00000000000006,1000.0,0.0,0.0012556716646874803
300.00000000000006,1000.0,0.17453292519943295,0.005871842558784552
300.00000000000006,1000.0,0.3490658503988659,0.010605984329169076
300.00000000000006,1000.0,0.5235987755982988,0.014098440176029674
300.00000000000006,1000.0,0.6981317007977318,0.016040412497669267
300.00000000000006,1000.0,0.8726646259971648,0.015940879412819364
300.00000000000006,1000.0,1.0471975511965976,0.013935031428537067
300.00000000000006,1000.0,1.2217304763960306,0.010316309509763944
300.00000000000006,1000.0,1.3962634015954636,0.0055028846447336514
300.00000000000006,1500.0,-0.3490658503988659,0.00022125053002867856
300.00000000000006,1500.0,-0.17453292519943295,0.00046374703204352466
300.00000000000006,1500.0,0.0,0.0018835062594513756
300.00000000000006,1500.0,0.17453292519943295,0.013206167026696901
300.00000000000006,1500.0,0.3490658503988659,0.024045020479220202
300.00000000000006,1500.0,0.5235987755982988,0.032220109078216146
300.00000000000006,1500.0,0.6981317007977318,0.03624165352008668
300.00000000000006,1500.0,0.8726646259971648,0.0361022567696201
300.00000000000006,1500.0,1.0471975511965976,0.03155660606652734
300.00000000000006,1500.0,1.2217304763960306,0.02325079938328632
300.00000000000006,1500.0,1.3962634015954636,0.01233977594924418
300.00000000000006,2000.0,-0.3490658503988659,0.0002950086217044515
300.00000000000006,2000.0,-0.17453292519943295,0.0003091557973787138
300.00000000000006,2000.0,0.0,0.0028252798874006412
300.00000000000006,2000.0,0.17453292519943295,0.023771738703308436
300.00000000000006,2000.0,0.3490658503988659,0.04372031608870597
300.00000000000006,2000.0,0.5235987755982988,0.058334581493467215
300.00000000000006,2000.0,0.6981317007977318,0.06563350847011677
300.00000000000006,2000.0,0.8726646259971648,0.0648861409390492
300.00000000000006,2000.0,1.0471975511965976,0.056347503134940274
300.00000000000006,2000.0,1.2217304763960306,0.04142705380602594
300.00000000000006,2000.0,1.3962634015954636,0.02195139694017374
300.00000000000006,2500.0,-0.3490658503988659,0.00036877067041388704
300.00000000000006,2500.0,-0.17453292519943295,0.0003864500062632552
300.00000000000006,2500.0,0.0,0.0035315945736337784
300.00000000000006,2500.0,0.17453292519943295,0.03817165294669828
300.00000000000006,2500.0,0.3490658503988659,0.07055709560318466
300.00000000000006,2500.0,0.5235987755982988,0.09377912086284511
300.00000000000006,2500.0,0.6981317007977318,0.10477715703386485
300.00000000000006,2500.0,0.8726646259971648,0.10260532772316418
300.00000000000006,2500.0,1.0471975511965976,0.08882391013911078
300.00000000000006,2500.0,1.2217304763960306,0.0650324329616244
300.00000000000006,2500.0,1.3962634015954636,0.03430034845533585
300.00000000000006,3000.0,-0.3490658503988659,0.00044253667569679674
300.00000000000006,3000.0,-0.17453292519943295,0.00046374631694701276
300.00000000000006,3000.0,0.0,0.004237905735999197
300.00000000000006,3000.0,0.17453292519943295,0.05777090342941168
300.00000000000006,3000.0,0.3490658503988659,0.10614401711687979
300.00000000000006,3000.0,0.5235987755982988,0.13970254128377962
300.00000000000006,3000.0,0.6981317007977318,0.15465077993873225
300.00000000000006,3000.0,0.8726646259971648,0.1506168075081515
300.00000000000006,3000.0,1.0471975511965976,0.1293019026306785
300.00000000000006,3000.0,1.2217304763960306,0.09413892178703209
300.00000000000006,3000.0,1.3962634015954636,0.04941802708362662
300.00000000000006,3500.0,-0.3490658503988659,0.0005163066360322615
300.00000000000006,3500.0,-0.17453292519943295,0.000541044729800192
300.00000000000006,3500.0,0.0,0.004944212669994252
300.00000000000006,3500.0,0.17453292519943295,0.08290983040535634
300.00000000000006,3500.0,0.3490658503988659,0.1525318563374505
300.00000000000006,3500.0,0.5235987755982988,0.19864409361531538
300.00000000000006,3500.0,0.6981317007977318,0.2170844329674077
300.00000000000006,3500.0,0.8726646259971648,0.20933472946952084
300.00000000000006,3500.0,1.0471975511965976,0.17791451562492436
300.00000000000006,3500.0,1.2217304763960306,0.12866261184832936
300.00000000000006,3500.0,1.3962634015954636,0.06739927761393594
300.00000000000006,4000.0,-0.3490658503988659,0.0005900805521358384
300.00000000000006,4000.0,-0.17453292519943295,0.0006183452423510241
300.00000000000006,4000.0,0.0,0.006278395243291852
300.00000000000006,4000.0,0.17453292519943295,0.1166740627286608
300.00000000000006,4000.0,0.3490658503988659,0.21212985988558178
300.00000000000006,4000.0,0.5235987755982988,0.27261746886705657
300.00000000000006,4000.0,0.6981317007977318,0.294601735205486
300.00000000000006,4000.0,0.8726646259971648,0.2801823896579384
300.00000000000006,4000.0,1.0471975511965976,0.23565529701360627
300.00000000000006,4000.0,1.2217304763960306,0.16929641701116196
300.00000000000006,4000.0,1.3962634015954636,0.08818280715720424
300.00000000000006,4500.0,-0.3490658503988659,0.000663858423041115
300.00000000000006,4500.0,-0.17453292519943295,0.0006956478553334899
300.00000000000006,4500.0,0.0,0.007063169996853161
300.00000000000006,4500.0,0.17453292519943295,0.16191954261765937
300.00000000000006,4500.0,0.3490658503988659,0.28949056405275536
300.00000000000006,4500.0,0.5235987755982988,0.36631812107331424
300.00000000000006,4500.0,0.6981317007977318,0.38862847576516163
300.00000000000006,4500.0,0.8726646259971648,0.36436034097097303
300.00000000000006,4500.0,1.0471975511965976,0.3027180727320597
300.00000000000006,4500.0,1.2217304763960306,0.21554983385199558
300.00000000000006,4500.0,1.3962634015954636,0.11174517803356168
400.0,500.0,-0.3490658503988659,0.00022124796634562629
400.0,500.0,-0.17453292519943295,0.00030915332702076284
400.0,500.0,0.0,0.0007847972370463179
400.0,500.0,0.17453292519943295,0.0017001480134230145
400.0,500.0,0.3490658503988659,0.002801448423483395
400.0,500.0,0.5235987755982988,0.0035996730040629226
400.0,500.0,0.6981317007977318,0.0040234121783491094
400.0,500.0,0.8726646259971648,0.004029284035562358
400.0,500.0,1.0471975511965976,0.0035244713097620545
400.0,500.0,1.2217304763960306,0.0025974467672917386
400.0,500.0,1.3962634015954636,0.001386432025772283
400.0,1000.0,-0.3490658503988659,0.0002950044458529196
400.0,1000.0,-0.17453292519943295,0.00046374094375268145
400.0,1000.0,0.0,0.0015695935070571285
400.0,1000.0,0.17453292519943295,0.006026340386004899
400.0,1000.0,0.3490658503988659,0.010605817194160806
400.0,1000.0,0.5235987755982988,0.014234165529924197
400.0,1000.0,0.6981317007977318,0.01604015724858871
400.0,1000.0,0.8726646259971648,0.015940624350860026
400.0,1000.0,1.0471975511965976,0.014013303552571195
400.0,1000.0,1.2217304763960306,0.010369837886490237
400.0,1000.0,1.3962634015954636,0.005502795513017425
400.0,1500.0,-0.3490658503988659,0.0002212470575833554
400.0,1500.0,-0.17453292519943295,0.0004637397527069235
400.0,1500.0,0.0,0.0023543878437002363
400.0,1500.0,0.17453292519943295,0.013205959223890076
400.0,1500.0,0.3490658503988659,0.02426591424213945
400.0,1500.0,0.5235987755982988,0.03221959360081424
400.0,1500.0,0.6981317007977318,0.03642146036210455
400.0,1500.0,0.8726646259971648,0.03610166487757563
400.0,1500.0,1.0471975511965976,0.03155608271478295
400.0,1500.0,1.2217304763960306,0.023250410399048023
400.0,1500.0,1.3962634015954636,0.012339568265183586
400.0,2000.0,-0.3490658503988659,0.00029500399123249426
400.0,2000.0,-0.17453292519943295,0.0006183364895305883
400.0,2000.0,0.0,0.0031391792802110095
400.0,2000.0,0.17453292519943295,0.0237713639039732
400.0,2000.0,0.3490658503988659,0.04401465842532058
400.0,2000.0,0.5235987755982988,0.058333633421592514
400.0,2000.0,0.6981317007977318,0.0656324184297443
400.0,2000.0,0.8726646259971648,0.06488503925789757
400.0,2000.0,1.0471975511965976,0.05634652771559545
400.0,2000.0,1.2217304763960306,0.04153373124559566
400.0,2000.0,1.3962634015954636,0.021951007059853745
400.0,2500.0,-0.3490658503988659,0.00036876488157598116
400.0,2500.0,-0.17453292519943295,0.00038644394013740243
400.0,2500.0,0.0,0.003923966849756173
400.0,2500.0,0.17453292519943295,0.03855754038454074
400.0,2500.0,0.3490658503988659,0.07092476324710309
400.0,2500.0,0.5235987755982988,0.09377756262445146
400.0,2500.0,0.6981317007977318,0.10477535557453223
400.0,2500.0,0.8726646259971648,0.10260350426216994
400.0,2500.0,1.0471975511965976,0.08882228307971658
400.0,2500.0,1.2217304763960306,0.06503121402974396
400.0,2500.0,1.3962634015954636,0.03429969621557557
400.0,3000.0,-0.3490658503988659,0.0004425297281034653
400.0,3000.0,-0.17453292519943295,0.0004637390380780004
400.0,3000.0,0.0,0.004708749585689141
400.0,3000.0,0.17453292519943295,0.057769986226646516
400.0,3000.0,0.3490658503988659,0.10614227911961752
400.0,3000.0,0.5235987755982988,0.13970015072306818
400.0,3000.0,0.6981317007977318,0.15464799979052435
400.0,3000.0,0.8726646259971648,0.1506139665465293
400.0,3000.0,1.0471975511965976,0.12929936078893572
400.0,3000.0,1.2217304763960306,0.0941370126316657
400.0,3000.0,1.3962634015954636,0.049498813458879715
400.0,3500.0,-0.3490658503988659,0.000516298530992806
400.0,3500.0,-0.17453292519943295,0.0005410362369213414
400.0,3500.0,0.0,0.006042931599649973
400.0,3500.0,0.17453292519943295,0.08344959689509045
400.0,3500.0,0.3490658503988659,0.15252930651210975
400.0,3500.0,0.5235987755982988,0.19864055734275377
400.0,3500.0,0.6981317007977318,0.21750129801389348
400.0,3500.0,0.8726646259971648,0.20933048158072162
400.0,3500.0,1.0471975511965976,0.1779107114270806
400.0,3500.0,1.2217304763960306,0.1288477456663031
400.0,3500.0,1.3962634015954636,0.06739774147026731
400.0,4000.0,-0.3490658503988659,0.0005900712887984152
400.0,4000.0,-0.17453292519943295,0.000618335536298965
400.0,4000.0,0.0,0.006906181807968687
400.0,4000.0,0.17453292519943295,0.11667218488103896
400.0,4000.0,0.3490658503988659,0.21212621323443062
400.0,4000.0,0.5235987755982988,0.2726123612904016
400.0,4000.0,0.6981317007977318,0.29459570066352897
400.0,4000.0,0.8726646259971648,0.28017617328478
400.0,4000.0,1.0471975511965976,0.23564972389038266
400.0,4000.0,1.2217304763960306,0.16929221659533067
400.0,4000.0,1.3962634015954636,0.08818055723998647
400.0,4500.0,-0.3490658503988659,0.0006638480008585439
400.0,4500.0,-0.17453292519943295,0.0006956369355597395
400.0,4500.0,0.0,0.007769421723045083
400.0,4500.0,0.17453292519943295,0.16191690475027795
400.0,4500.0,0.3490658503988659,0.2901493201253387
400.0,4500.0,0.5235987755982988,0.36631077532801254
400.0,4500.0,0.6981317007977318,0.3891610914295148
400.0,4500.0,0.8726646259971648,0.3643513444622779
400.0,4500.0,1.0471975511965976,0.30306340901962103
400.0,4500.0,1.2217304763960306,0.21554378445589503
400.0,4500.0,1.3962634015954636,0.11174194035660487
500.0,500.0,-0.3490658503988659,0.00022124449386006596
500.0,500.0,-0.17453292519943295,0.00038644263898912547
500.0,500.0,0.0,0.0008632726850138965
500.0,500.0,0.17453292519943295,0.0017774162617618158
500.0,500.0,0.3490658503988659,0.002801404402273342
500.0,500.0,0.5235987755982988,0.003667590604660818
500.0,500.0,0.6981317007977318,0.004083474997401683
500.0,500.0,0.8726646259971648,0.004029220478288658
500.0,500.0,1.0471975511965976,0.0035244156430945654
500.0,500.0,1.2217304763960306,0.002624251668352687
500.0,500.0,1.3962634015954636,0.0013864100891837598
500.0,1000.0,-0.3490658503988659,0.00029499981531541604
500.0,1000.0,-0.17453292519943295,0.0004637336645599206
500.0,1000.0,0.0,0.0017265440836562811
500.0,1000.0,0.17453292519943295,0.006026245684401786
500.0,1000.0,0.3490658503988659,0.010753162129183097
500.0,1000.0,0.5235987755982988,0.014233940210495333
500.0,1000.0,0.6981317007977318,0.016039902007871493
500.0,1000.0,0.8726646259971648,0.01594036929737098
500.0,1000.0,1.0471975511965976,0.014013078121776231
500.0,1000.0,1.2217304763960306,0.010369670368091994
500.0,1000.0,1.3962634015954636,0.00550270638427603
500.0,1500.0,-0.3490658503988659,0.00022124358508353176
500.0,1500.0,-0.17453292519943295,0.0004637324734954668
500.0,1500.0,0.0,0.002589812908648925
500.0,1500.0,0.17453292519943295,0.013205751427641707
500.0,1500.0,0.3490658503988659,0.024265529830488724
500.0,1500.0,0.5235987755982988,0.03221907814052011
500.0,1500.0,0.6981317007977318,0.03642087055613933
500.0,1500.0,0.8726646259971648,0.036101073006557086
500.0,1500.0,1.0471975511965976,0.031555559382203106
500.0,1500.0,1.2217304763960306,0.02325002142940151
500.0,1500.0,1.3962634015954636,0.012339360589036641
500.0,2000.0,-0.3490658503988659,0.000294999360311507
500.0,2000.0,-0.17453292519943295,0.0006183267835206867
500.0,2000.0,0.0,0.003453077873472292
500.0,2000.0,0.17453292519943295,0.02377098911658657
500.0,2000.0,0.3490658503988659,0.04401395579864352
500.0,2000.0,0.5235987755982988,0.05833268538261289
500.0,2000.0,0.6981317007977318,0.06563132842945915
500.0,2000.0,0.8726646259971648,0.06488393761961479
500.0,2000.0,1.0471975511965976,0.05634555233608085
500.0,2000.0,1.2217304763960306,0.04153300058662015
500.0,2000.0,1.3962634015954636,0.02195061719645441
500.0,2500.0,-0.3490658503988659,0.0003687590929482713
500.0,2500.0,-0.17453292519943295,0.0007729294920504314
500.0,2500.0,0.0,0.004316337691587429
500.0,2500.0,0.17453292519943295,0.038556930643970054
500.0,2500.0,0.3490658503988659,0.07092361875153239
500.0,2500.0,0.5235987755982988,0.09377600444342965
500.0,2500.0,0.6981317007977318,0.10477355418752159
500.0,2500.0,0.8726646259971648,0.10285400667410464
500.0,2500.0,1.0471975511965976,0.08882065609600827
500.0,2500.0,1.2217304763960306,0.06502999515745163
500.0,2500.0,1.3962634015954636,0.03429904400868732
500.0,3000.0,-0.3490658503988659,0.0004425227821572516
500.0,3000.0,-0.17453292519943295,0.00046373175909473677
500.0,3000.0,0.0,0.005179591076258017
500.0,3000.0,0.17453292519943295,0.057769069053657904
500.0,3000.0,0.3490658503988659,0.10614054118389214
500.0,3000.0,0.5235987755982988,0.13969776025721525
500.0,3000.0,0.6981317007977318,0.15464521976628015
500.0,3000.0,0.8726646259971648,0.15061112572557137
500.0,3000.0,1.0471975511965976,0.12929681908414847
500.0,3000.0,1.2217304763960306,0.09413510358563744
500.0,3000.0,1.3962634015954636,0.049497789759938425
500.0,3500.0,-0.3490658503988659,0.0005162904262561897
500.0,3500.0,-0.17453292519943295,0.0005410277445247912
500.0,3500.0,0.0,0.006592248172263548
500.0,3500.0,0.17453292519943295,0.08344826434366844
500.0,3500.0,0.3490658503988659,0.15252675678211491
500.0,3500.0,0.5235987755982988,0.19863702122430302
500.0,3500.0,0.6981317007977318,0.2174971539801387
500.0,3500.0,0.8726646259971648,0.20932623393518313
500.0,3500.0,1.0471975511965976,0.17790690746940827
500.0,3500.0,1.2217304763960306,0.12884487695244953
500.0,3500.0,1.3962634015954636,0.06739620543509939
500.0,4000.0,-0.3490658503988659,0.0005900620256918747
500.0,4000.0,-0.17453292519943295,0.0006183258306332064
500.0,4000.0,0.0,0.007533964501345127
500.0,4000.0,0.17453292519943295,0.11667030709681853
500.0,4000.0,0.3490658503988659,0.21212256672954982
500.0,4000.0,0.5235987755982988,0.27260725396272467
500.0,4000.0,0.6981317007977318,0.294589666472792
500.0,4000.0,0.8726646259971648,0.280169957329577
500.0,4000.0,1.0471975511965976,0.23564415118485588
500.0,4000.0,1.2217304763960306,0.16928801651983705
500.0,4000.0,1.3962634015954636,0.08817830751340981
500.0,4500.0,-0.3490658503988659,0.0006638375795158047
500.0,4500.0,-0.17453292519943295,0.0006956260162529755
500.0,4500.0,0.0,0.009182052838863461
500.0,4500.0,0.17453292519943295,0.16191426697499284
500.0,4500.0,0.3490658503988659,0.290144131298882
500.0,4500.0,0.5235987755982988,0.3663034299926285
500.0,4500.0,0.6981317007977318,0.38915235843148044
500.0,4500.0,0.8726646259971648,0.3643423486735784
500.0,4500.0,1.0471975511965976,0.3030553403881258
500.0,4500.0,1.2217304763960306,0.21553773565018403
500.0,4500.0,1.3962634015954636,0.11173870301108947
600.0000000000001,500.0,-0.3490658503988659,0.0002949970032370117
600.0000000000001,500.0,-0.17453292519943295,0.0004637328182460957
600.0000000000001,500.0,0.0,0.0009417483191802091
600.0000000000001,500.0,0.17453292519943295,0.0018546854317043281
600.0000000000001,500.0,0.3490658503988659,0.0028751165025850144
600.0000000000001,500.0,0.5235987755982988,0.0036675329069929584
600.0000000000001,500.0,0.6981317007977318,0.004083410672988365
600.0000000000001,500.0,0.8726646259971648,0.004029156923070972
600.0000000000001,500.0,1.0471975511965976,0.003524359978162457
600.0000000000001,500.0,1.2217304763960306,0.0026242101711517665
600.0000000000001,500.0,1.3962634015954636,0.0013863881533692619
600.0000000000001,1000.0,-0.3490658503988659,0.0002949951854579328
600.0000000000001,1000.0,-0.17453292519943295,0.0006183208898512661
600.0000000000001,1000.0,0.0,0.0018834949681825481
600.0000000000001,1000.0,0.17453292519943295,0.006180746065801431
600.0000000000001,1000.0,0.3490658503988659,0.010752992651948264
600.0000000000001,1000.0,0.5235987755982988,0.014233714898326609
600.0000000000001,1000.0,0.6981317007977318,0.016039646775504162
600.0000000000001,1000.0,0.8726646259971648,0.015940114252366563
600.0000000000001,1000.0,1.0471975511965976,0.014012852698582006
600.0000000000001,1000.0,1.2217304763960306,0.010369502855435274
600.0000000000001,1000.0,1.3962634015954636,0.005502617258691198
600.0000000000001,1500.0,-0.3490658503988659,0.00044251651751570634
600.0000000000001,1500.0,-0.17453292519943295,0.0006956179563773004
600.0000000000001,1500.0,0.0,0.002825238275993919
600.0000000000001,1500.0,0.17453292519943295,0.013437435994756887
600.0000000000001,1500.0,0.3490658503988659,0.024265145431249375
600.0000000000001,1500.0,0.5235987755982988,0.032218562697338
600.0000000000001,1500.0,0.6981317007977318,0.03642028077042807
600.0000000000001,1500.0,0.8726646259971648,0.03610048115656859
600.0000000000001,1500.0,1.0471975511965976,0.03155503606879581
600.0000000000001,1500.0,1.2217304763960306,0.023330183307811492
600.0000000000001,1500.0,1.3962634015954636,0.012339152920767755
600.0000000000001,2000.0,-0.3490658503988659,0.00029499473007052907
600.0000000000001,2000.0,-0.17453292519943295,0.0006183170782562033
600.0000000000001,2000.0,0.0,0.0037669765723769774
600.0000000000001,2000.0,0.17453292519943295,0.024079806895832064
600.0000000000001,2000.0,0.3490658503988659,0.04401325319513932
600.0000000000001,2000.0,0.5235987755982988,0.05833173737652232
600.0000000000001,2000.0,0.6981317007977318,0.06563023846925486
600.0000000000001,2000.0,0.8726646259971648,0.06488283602420478
600.0000000000001,2000.0,1.0471975511965976,0.0563445769963946
600.0000000000001,2000.0,1.2217304763960306,0.041532269958642246
600.0000000000001,2000.0,1.3962634015954636,0.021950227349971575
600.0000000000001,2500.0,-0.3490658503988659,0.0003687533045307672
600.0000000000001,2500.0,-0.17453292519943295,0.0007729173589677858
600.0000000000001,2500.0,0.0,0.004708708186875757
600.0000000000001,2500.0,0.17453292519943295,0.03855632092296385
600.0000000000001,2500.0,0.3490658503988659,0.07092247429487798
600.0000000000001,2500.0,0.5235987755982988,0.09377444631977659
600.0000000000001,2500.0,0.6981317007977318,0.10477175287282497
600.0000000000001,2500.0,0.8726646259971648,0.10285217729804517
600.0000000000001,2500.0,1.0471975511965976,0.08881902918796745
600.0000000000001,2500.0,1.2217304763960306,0.06502877634474734
600.0000000000001,2500.0,1.3962634015954636,0.034298391834669754
600.0000000000001,3000.0,-0.3490658503988659,0.0004425158356002331
600.0000000000001,3000.0,-0.17453292519943295,0.0009275260316205232
600.0000000000001,3000.0,0.0,0.005650431449257579
600.0000000000001,3000.0,0.17453292519943295,0.05776815191044917
600.0000000000001,3000.0,0.3490658503988659,0.1061388033097004
600.0000000000001,3000.0,0.5235987755982988,0.13969536988621536
600.0000000000001,3000.0,0.6981317007977318,0.1546424398659912
600.0000000000001,3000.0,0.8726646259971648,0.15060828504526558
600.0000000000001,3000.0,1.0471975511965976,0.1292942775163049
600.0000000000001,3000.0,1.2217304763960306,0.09413319464893385
600.0000000000001,3000.0,1.3962634015954636,0.049496766121837864
600.0000000000001,3500.0,-0.3490658503988659,0.000516282321607385
600.0000000000001,3500.0,-0.17453292519943295,0.0005410192526105642
600.0000000000001,3500.0,0.0,0.0071415638342814305
600.0000000000001,3500.0,0.17453292519943295,0.08344693183624054
600.0000000000001,3500.0,0.3490658503988659,0.1525242071474583
600.0000000000001,3500.0,0.5235987755982988,0.19863348525995325
600.0000000000001,3500.0,0.6981317007977318,0.21749301015574407
600.0000000000001,3500.0,0.8726646259971648,0.20932198653287926
600.0000000000001,3500.0,1.0471975511965976,0.1781779404376211
600.0000000000001,3500.0,1.2217304763960306,0.1288420084331315
600.0000000000001,3500.0,1.3962634015954636,0.06739466950841984
600.0000000000001,4000.0,-0.3490658503988659,0.0005900527626280715
600.0000000000001,4000.0,-0.17453292519943295,0.0006183161251742105
600.0000000000001,4000.0,0.0,0.008161744762131173
600.0000000000001,4000.0,0.17453292519943295,0.11728684673178795
600.0000000000001,4000.0,0.3490658503988659,0.21211892037092778
600.0000000000001,4000.0,0.5235987755982988,0.2726021468840025
600.0000000000001,4000.0,0.6981317007977318,0.29458363263323695
600.0000000000001,4000.0,0.8726646259971648,0.280163741792282
600.0000000000001,4000.0,1.0471975511965976,0.23563857889697115
600.0000000000001,4000.0,1.2217304763960306,0.169283816784629
600.0000000000001,4000.0,1.3962634015954636,0.08817605797744846
600.0000000000001,4500.0,-0.3490658503988659,0.0006638271583439538
600.0000000000001,4500.0,-0.17453292519943295,0.0006956150972536165
600.0000000000001,4500.0,0.0,0.009888302120217438
600.0000000000001,4500.0,0.17453292519943295,0.16191162929180225
600.0000000000001,4500.0,0.3490658503988659,0.2901389427006788
600.0000000000001,4500.0,0.5235987755982988,0.36629608506712236
600.0000000000001,4500.0,0.6981317007977318,0.3891436260303506
600.0000000000001,4500.0,0.8726646259971648,0.3643333536047683
600.0000000000001,4500.0,1.0471975511965976,0.3030472724832173
600.0000000000001,4500.0,1.2217304763960306,0.21553168743475604
600.0000000000001,4500.0,1.3962634015954636,0.11173546599695852
700.0000000000001,500.0,-0.3490658503988659,0.00029499237333539336
700.0000000000001,500.0,-0.17453292519943295,0.00054102410127967
700.0000000000001,500.0,0.0,0.0009417335359459516
700.0000000000001,500.0,0.17453292519943295,0.0018546563071956035
700.0000000000001,500.0,0.3490658503988659,0.0028750713211652974
700.0000000000001,500.0,0.5235987755982988,0.0036674752112024304
700.0000000000001,500.0,0.6981317007977318,0.00408334635057975
700.0000000000001,500.0,0.8726646259971648,0.004079548062154751
700.0000000000001,500.0,1.0471975511965976,0.0035635513617015397
700.0000000000001,500.0,1.2217304763960306,0.0026241686752830925
700.0000000000001,500.0,1.3962634015954636,0.0013863662183288257
700.0000000000001,1000.0,-0.3490658503988659,0.00029499055477506656
700.0000000000001,1000.0,-0.17453292519943295,0.0006183111843147161
700.0000000000001,1000.0,0.0,0.002040446636399969
700.0000000000001,1000.0,0.17453292519943295,0.00618064893175695
700.0000000000001,1000.0,0.3490658503988659,0.010752823180106308
700.0000000000001,1000.0,0.5235987755982988,0.014233489593410567
700.0000000000001,1000.0,0.6981317007977318,0.016039391551459434
700.0000000000001,1000.0,0.8726646259971648,0.015939859215812355
700.0000000000001,1000.0,1.0471975511965976,0.014012627283004734
700.0000000000001,1000.0,1.2217304763960306,0.01036933534847753
700.0000000000001,1000.0,1.3962634015954636,0.0055025281361420235
700.0000000000001,1500.0,-0.3490658503988659,0.0004425095713621298
700.0000000000001,1500.0,-0.17453292519943295,0.0006956070374110299
700.0000000000001,1500.0,0.0,0.0030606646448983242
700.0000000000001,1500.0,0.17453292519943295,0.01343722453505353
700.0000000000001,1500.0,0.3490658503988659,0.024264761044403692
700.0000000000001,1500.0,0.5235987755982988,0.03221804727125841
700.0000000000001,1500.0,0.6981317007977318,0.036419691004971735
700.0000000000001,1500.0,0.8726646259971648,0.036099889327605016
700.0000000000001,1500.0,1.0471975511965976,0.03155451277456905
700.0000000000001,1500.0,1.2217304763960306,0.02332979276663964
700.0000000000001,1500.0,1.3962634015954636,0.012338945260449307
700.0000000000001,2000.0,-0.3490658503988659,0.0005900444095458037
700.0000000000001,2000.0,-0.17453292519943295,0.0006183073730189399
700.0000000000001,2000.0,0.0,0.004080876281881617
700.0000000000001,2000.0,0.17453292519943295,0.02407942719161349
700.0000000000001,2000.0,0.3490658503988659,0.04401255061480656
700.0000000000001,2000.0,0.5235987755982988,0.05860272415451552
700.0000000000001,2000.0,0.6981317007977318,0.06562914854912667
700.0000000000001,2000.0,0.8726646259971648,0.06488173447166969
700.0000000000001,2000.0,1.0471975511965976,0.05634360169653284
700.0000000000001,2000.0,1.2217304763960306,0.041531539361663566
700.0000000000001,2000.0,1.3962634015954636,0.02194983752039603
700.0000000000001,2500.0,-0.3490658503988659,0.0003687475175277967
700.0000000000001,2500.0,-0.17453292519943295,0.0007729052269874605
700.0000000000001,2500.0,0.0,0.00510107942342372
700.0000000000001,2500.0,0.17453292519943295,0.03855571122152595
700.0000000000001,2500.0,0.3490658503988659,0.07092132987714335
700.0000000000001,2500.0,0.5235987755982988,0.09377288825348921
700.0000000000001,2500.0,0.6981317007977318,0.10476995163043973
700.0000000000001,2500.0,0.8726646259971648,0.10285034800159508
700.0000000000001,2500.0,1.0471975511965976,0.08881740235560327
700.0000000000001,2500.0,1.2217304763960306,0.06502755759163445
700.0000000000001,2500.0,1.3962634015954636,0.03429773969352149
700.0000000000001,3000.0,-0.3490658503988659,0.0004425088894359524
700.0000000000001,3000.0,-0.17453292519943295,0.0009275114723702411
700.0000000000001,3000.0,0.0,0.006121271946082938
700.0000000000001,3000.0,0.17453292519943295,0.05823105105184284
700.0000000000001,3000.0,0.3490658503988659,0.10657967021490262
700.0000000000001,3000.0,0.5235987755982988,0.13969297961006136
700.0000000000001,3000.0,0.6981317007977318,0.15463966008964675
700.0000000000001,3000.0,0.8726646259971648,0.1506054445055991
700.0000000000001,3000.0,1.0471975511965976,0.1292917360853924
700.0000000000001,3000.0,1.2217304763960306,0.09413128582154622
700.0000000000001,3000.0,1.3962634015954636,0.049495742544584054
700.0000000000001,3500.0,-0.3490658503988659,0.0005162742174764864
700.0000000000001,3500.0,-0.17453292519943295,0.0010821261017225764
700.0000000000001,3500.0,0.0,0.007690879945911239
700.0000000000001,3500.0,0.17453292519943295,0.08344559937279952
700.0000000000001,3500.0,0.3490658503988659,0.15252165760813657
700.0000000000001,3500.0,0.5235987755982988,0.1986299494496917
700.0000000000001,3500.0,0.6981317007977318,0.21748886654069155
700.0000000000001,3500.0,0.8726646259971648,0.20931773937378445
700.0000000000001,3500.0,1.0471975511965976,0.1781741262298362
700.0000000000001,3500.0,1.2217304763960306,0.12883914010832476
700.0000000000001,3500.0,1.3962634015954636,0.0673931336902179
700.0000000000001,4000.0,-0.3490658503988659,0.0005900434999833264
700.0000000000001,4000.0,-0.17453292519943295,0.0012367491085627845
700.0000000000001,4000.0,0.0,0.008789524028813195
700.0000000000001,4000.0,0.17453292519943295,0.11728495841796743
700.0000000000001,4000.0,0.3490658503988659,0.212115274158555
700.0000000000001,4000.0,0.5235987755982988,0.2725970400542132
700.0000000000001,4000.0,0.6981317007977318,0.29457759914482873
700.0000000000001,4000.0,0.8726646259971648,0.28015752667284427
700.0000000000001,4000.0,1.0471975511965976,0.2356330070266699
700.0000000000001,4000.0,1.2217304763960306,0.16927961738965908
700.0000000000001,4000.0,1.3962634015954636,0.08817380863206777
700.0000000000001,4500.0,-0.3490658503988659,0.0006638167373429992
700.0000000000001,4500.0,-0.17453292519943295,0.0006956041787212828
700.0000000000001,4500.0,0.0,0.01059454983166486
700.0000000000001,4500.0,0.17453292519943295,0.16190899170069412
700.0000000000001,4500.0,0.3490658503988659,0.2901337543307153
700.0000000000001,4500.0,0.5235987755982988,0.36628874055145283
700.0000000000001,4500.0,0.6981317007977318,0.3891348942260492
700.0000000000001,4500.0,0.8726646259971648,0.3643243592557471
700.0000000000001,4500.0,1.0471975511965976,0.3030392053047751
700.0000000000001,4500.0,1.2217304763960306,0.21552563980951234
700.0000000000001,4500.0,1.3962634015954636,0.11173222931415107
800.0,500.0,-0.3490658503988659,0.0003687462749707547
800.0,500.0,-0.17453292519943295,0.0005410156086926249
800.0,500.0,0.0,0.001020208364450464
800.0,500.0,0.17453292519943295,0.0019319254205090622
800.0,500.0,0.3490658503988659,0.0029487848067935927
800.0,500.0,0.5235987755982988,0.003735394448152427
800.0,500.0,0.6981317007977318,0.004143411838634394
800.0,500.0,0.8726646259971648,0.004079483703092011
800.0,500.0,1.0471975511965976,0.00356349506870365
800.0,500.0,1.2217304763960306,0.0026241271808313455
800.0,500.0,1.3962634015954636,0.0013999747017539286
800.0,1000.0,-0.3490658503988659,0.0004425037621604427
800.0,1000.0,-0.17453292519943295,0.000772901432939417
800.0,1000.0,0.0,0.0020404146050415277
800.0,1000.0,0.17453292519943295,0.006335152333599753
800.0,1000.0,0.3490658503988659,0.01090017556050375
800.0,1000.0,0.5235987755982988,0.014233264295731952
800.0,1000.0,0.6981317007977318,0.01615940286992207
800.0,1000.0,0.8726646259971648,0.01604051878774809
800.0,1000.0,1.0471975511965976,0.014012401875013087
800.0,1000.0,1.2217304763960306,0.010369167847229745
800.0,1000.0,1.3962634015954636,0.0055024390166084755
800.0,1500.0,-0.3490658503988659,0.00044250262560130925
800.0,1500.0,-0.17453292519943295,0.0006955961187521837
800.0,1500.0,0.0,0.003296092714231924
800.0,1500.0,0.17453292519943295,0.013437013082028706
800.0,1500.0,0.3490658503988659,0.02426437666995226
800.0,1500.0,0.5235987755982988,0.03242147820852006
800.0,1500.0,0.6981317007977318,0.03641910125977438
800.0,1500.0,0.8726646259971648,0.036099297519670476
800.0,1500.0,1.0471975511965976,0.031553989499509695
800.0,1500.0,1.2217304763960306,0.02332940224013402
800.0,1500.0,1.3962634015954636,0.012338737608036708
800.0,2000.0,-0.3490658503988659,0.000590035147522577
800.0,2000.0,-0.17453292519943295,0.000927499295656686
800.0,2000.0,0.0,0.004394777906613863
800.0,2000.0,0.17453292519943295,0.024079047499493574
800.0,2000.0,0.3490658503988659,0.04401184805765392
800.0,2000.0,0.5235987755982988,0.058601771340773094
800.0,2000.0,0.6981317007977318,0.06562805866907993
800.0,2000.0,0.8726646259971648,0.06488063296199974
800.0,2000.0,1.0471975511965976,0.056342626436493695
800.0,2000.0,1.2217304763960306,0.04153080879567506
800.0,2000.0,1.3962634015954636,0.021949447707743847
800.0,2500.0,-0.3490658503988659,0.00036874172922966874
800.0,2500.0,-0.17453292519943295,0.0007728930952476368
800.0,2500.0,0.0,0.0054934524886049935
800.0,2500.0,0.17453292519943295,0.03855510153966303
800.0,2500.0,0.3490658503988659,0.07092018549833033
800.0,2500.0,0.5235987755982988,0.09377133024456205
800.0,2500.0,0.6981317007977318,0.10476815046035999
800.0,2500.0,0.8726646259971648,0.10284851878474993
800.0,2500.0,1.0471975511965976,0.08881577559889736
800.0,2500.0,1.2217304763960306,0.06502633889809578
800.0,2500.0,1.3962634015954636,0.034297087585231464
800.0,3000.0,-0.3490658503988659,0.000442501943664428
800.0,3000.0,-0.17453292519943295,0.0009274969133702213
800.0,3000.0,0.0,0.006592113807846343
800.0,3000.0,0.17453292519943295,0.05823012635862621
800.0,3000.0,0.3490658503988659,0.10657792433314087
800.0,3000.0,0.5235987755982988,0.1396905894287453
800.0,3000.0,0.6981317007977318,0.1546368804372361
800.0,3000.0,0.8726646259971648,0.15060260410655982
800.0,3000.0,1.0471975511965976,0.12928919479139916
800.0,3000.0,1.2217304763960306,0.09412937710345753
800.0,3000.0,1.3962634015954636,0.049494719028162805
800.0,3500.0,-0.3490658503988659,0.0005162661138635184
800.0,3500.0,-0.17453292519943295,0.0010821091153063794
800.0,3500.0,0.0,0.008240197867289115
800.0,3500.0,0.17453292519943295,0.08344426695334485
800.0,3500.0,0.3490658503988659,0.15251910816414352
800.0,3500.0,0.5235987755982988,0.19862641379350732
800.0,3500.0,0.6981317007977318,0.21748472313495884
800.0,3500.0,0.8726646259971648,0.20931349245787373
800.0,3500.0,1.0471975511965976,0.17817031226325647
800.0,3500.0,1.2217304763960306,0.12883627197800507
800.0,3500.0,1.3962634015954636,0.06739159798047131
800.0,4000.0,-0.3490658503988659,0.0005900342381339842
800.0,4000.0,-0.17453292519943295,0.0012367296946820072
800.0,4000.0,0.0,0.00941730373974708
800.0,4000.0,0.17453292519943295,0.11728307016795547
800.0,4000.0,0.3490658503988659,0.21211162809242093
800.0,4000.0,0.5235987755982988,0.27313588745550166
800.0,4000.0,0.6981317007977318,0.29457156600752876
800.0,4000.0,0.8726646259971648,0.2801513119712128
800.0,4000.0,1.0471975511965976,0.23562743557389773
800.0,4000.0,1.2217304763960306,0.16927541833487708
800.0,4000.0,1.3962634015954636,0.08817155947724697
800.0,4500.0,-0.3490658503988659,0.0006638063168474509
800.0,4500.0,-0.17453292519943295,0.0013913586443067708
800.0,4500.0,0.0,0.011300797443385198
800.0,4500.0,0.17453292519943295,0.16190635420166874
800.0,4500.0,0.3490658503988659,0.29012856618897104
800.0,4500.0,0.5235987755982988,0.3668933582746691
800.0,4500.0,0.6981317007977318,0.3891261630185028
800.0,4500.0,0.8726646259971648,0.3643153656264103
800.0,4500.0,1.0471975511965976,0.30303113885267813
800.0,4500.0,1.2217304763960306,0.2155195927743438
800.0,4500.0,1.3962634015954636,0.11172899296260513
900.0,500.0,-0.3490658503988659,0.00036874048695420693
900.0,500.0,-0.17453292519943295,0.0006183070194682634
900.0,500.0,0.0,0.0010986838603271544
900.0,500.0,0.17453292519943295,0.0020091959287486124
900.0,500.0,0.3490658503988659,0.0029487384647036386
900.0,500.0,0.5235987755982988,0.0037353356791177553
900.0,500.0,0.6981317007977318,0.004143346562772379
900.0,500.0,0.8726646259971648,0.00407941934617089
900.0,500.0,1.0471975511965976,0.003563438777527055
900.0,500.0,1.2217304763960306,0.0026240856875427384
900.0,500.0,1.3962634015954636,0.001399952546987804
900.0,1000.0,-0.3490658503988659,0.0004424968163084366
900.0,1000.0,-0.17453292519943295,0.0007728893009963937
900.0,1000.0,0.0,0.002197365067839342
900.0,1000.0,0.17453292519943295,0.00633505276653756
900.0,1000.0,0.3490658503988659,0.010900003745268038
900.0,1000.0,0.5235987755982988,0.01436899846393039
900.0,1000.0,0.6981317007977318,0.016159145669950876
900.0,1000.0,0.8726646259971648,0.016040262060449034
900.0,1000.0,1.0471975511965976,0.014012176474631204
900.0,1000.0,1.2217304763960306,0.010369000351692194
900.0,1000.0,1.3962634015954636,0.005502349900191588
900.0,1500.0,-0.3490658503988659,0.00044249567998236295
900.0,1500.0,-0.17453292519943295,0.0009274880720916966
900.0,1500.0,0.0,0.0032960409704747024
900.0,1500.0,0.17453292519943295,0.013668703976335817
900.0,1500.0,0.3490658503988659,0.0242639923079094
900.0,1500.0,0.5235987755982988,0.032420959367954645
900.0,1500.0,0.6981317007977318,0.03641851153482477
900.0,1500.0,0.8726646259971648,0.036098705732759855
900.0,1500.0,1.0471975511965976,0.03155346624362222
900.0,1500.0,1.2217304763960306,0.023329011728281092
900.0,1500.0,1.3962634015954636,0.012379428409314506
900.0,2000.0,-0.3490658503988659,0.0005900258855421232
900.0,2000.0,-0.17453292519943295,0.0009274847370640379
900.0,2000.0,0.0,0.0043947089154292174
900.0,2000.0,0.17453292519943295,0.02438788146737693
900.0,2000.0,0.3490658503988659,0.04401114552366739
900.0,2000.0,0.5235987755982988,0.05860081856012435
900.0,2000.0,0.6981317007977318,0.06562696882910311
900.0,2000.0,0.8726646259971648,0.0648795314951868
900.0,2000.0,1.0471975511965976,0.05649867532507553
900.0,2000.0,1.2217304763960306,0.04153007826068639
900.0,2000.0,1.3962634015954636,0.021949057911995695
900.0,2500.0,-0.3490658503988659,0.0007375719073702561
900.0,2500.0,-0.17453292519943295,0.0011594031367474454
900.0,2500.0,0.0,0.0058858284699968965
900.0,2500.0,0.17453292519943295,0.03894100628936701
900.0,2500.0,0.3490658503988659,0.07091904115843299
900.0,2500.0,0.5235987755982988,0.09376977229299441
900.0,2500.0,0.6981317007977318,0.10476634936258099
900.0,2500.0,0.8726646259971648,0.10284668964750097
900.0,2500.0,1.0471975511965976,0.0888141489178526
900.0,2500.0,1.2217304763960306,0.06502512026412785
900.0,2500.0,1.3962634015954636,0.03436461020139211
900.0,3000.0,-0.3490658503988659,0.00044249499728207553
900.0,3000.0,-0.17453292519943295,0.0009274823546204758
900.0,3000.0,0.0,0.007062958275849798
900.0,3000.0,0.17453292519943295,0.05822920169544166
900.0,3000.0,0.3490658503988659,0.10657617851325536
900.0,3000.0,0.5235987755982988,0.14009614813235788
900.0,3000.0,0.6981317007977318,0.1546341009087508
900.0,3000.0,0.8726646259971648,0.15059976384813564
900.0,3000.0,1.0471975511965976,0.1292866536343108
900.0,3000.0,1.2217304763960306,0.09412746849466026
900.0,3000.0,1.3962634015954636,0.049493695572566665
900.0,3500.0,-0.3490658503988659,0.0005162580092631414
900.0,3500.0,-0.17453292519943295,0.001082092129341732
900.0,3500.0,0.0,0.00878951895831447
900.0,3500.0,0.17453292519943295,0.08344293457787326
900.0,3500.0,0.3490658503988659,0.15251655881546997
900.0,3500.0,0.5235987755982988,0.19862287829138792
900.0,3500.0,0.6981317007977318,0.21748057993853037
900.0,3500.0,0.8726646259971648,0.20930924578512253
900.0,3500.0,1.0471975511965976,0.1781664985378584
900.0,3500.0,1.2217304763960306,0.1288334040421481
900.0,3500.0,1.3962634015954636,0.06739006237917428
900.0,4000.0,-0.3490658503988659,0.0005900249759510899
900.0,4000.0,-0.17453292519943295,0.0012367102810351045
900.0,4000.0,0.0,0.010045085333137702
900.0,4000.0,0.17453292519943295,0.11728118198174657
900.0,4000.0,0.3490658503988659,0.21210798217251606
900.0,4000.0,0.5235987755982988,0.2731307660731363
900.0,4000.0,0.6981317007977318,0.29456553322130125
900.0,4000.0,0.8726646259971648,0.2801450976873333
900.0,4000.0,1.0471975511965976,0.2359359860519915
900.0,4000.0,1.2217304763960306,0.16927121962023162
900.0,4000.0,1.3962634015954636,0.08816931051294893
900.0,4500.0,-0.3490658503988659,0.0006637958963555719
900.0,4500.0,-0.17453292519943295,0.001391336803268184
900.0,4500.0,0.0,0.01200704642529647
900.0,4500.0,0.17453292519943295,0.16190371679471888
900.0,4500.0,0.3490658503988659,0.29012337827542795
900.0,4500.0,0.5235987755982988,0.36688599451135323
900.0,4500.0,0.6981317007977318,0.38911743240763585
900.0,4500.0,0.8726646259971648,0.36430637271665245
900.0,4500.0,1.0471975511965976,0.3030230731268133
900.0,4500.0,1.2217304763960306,0.21551354632915165
900.0,4500.0,1.3962634015954636,0.11172575694225573
